{
    "train": {
        "0": {
            "loss": 0.6029896655598203,
            "acc": 0.7200509770603228
        },
        "1": {
            "loss": 0.5144211794878986,
            "acc": 0.7421410365335599
        },
        "2": {
            "loss": 0.4080626191319646,
            "acc": 0.820518266779949
        },
        "3": {
            "loss": 0.2859887617665368,
            "acc": 0.8944350042480883
        },
        "4": {
            "loss": 0.228337730910327,
            "acc": 0.913338997451147
        },
        "5": {
            "loss": 0.22724252335123113,
            "acc": 0.9135514018691588
        },
        "6": {
            "loss": 0.18787006067263112,
            "acc": 0.9288445199660152
        },
        "7": {
            "loss": 0.15462023180884285,
            "acc": 0.9405267629566695
        },
        "8": {
            "loss": 0.1566475128402581,
            "acc": 0.93946474086661
        },
        "9": {
            "loss": 0.14200105336872307,
            "acc": 0.9439252336448598
        },
        "10": {
            "loss": 0.13720656216547295,
            "acc": 0.9485981308411215
        },
        "11": {
            "loss": 0.134635788866797,
            "acc": 0.947536108751062
        },
        "12": {
            "loss": 0.11955652174514693,
            "acc": 0.9530586236193713
        },
        "13": {
            "loss": 0.11994267909510715,
            "acc": 0.9553950722175021
        },
        "14": {
            "loss": 0.12348531287264179,
            "acc": 0.9513593882752761
        },
        "15": {
            "loss": 0.1186752974785663,
            "acc": 0.9545454545454546
        },
        "16": {
            "loss": 0.11172757287685936,
            "acc": 0.9581563296516568
        },
        "17": {
            "loss": 0.10503891251377158,
            "acc": 0.9594307561597282
        },
        "18": {
            "loss": 0.1071879720768413,
            "acc": 0.9570943075615973
        },
        "19": {
            "loss": 0.1013887042330729,
            "acc": 0.9617672047578589
        },
        "20": {
            "loss": 0.09721527107664056,
            "acc": 0.9628292268479184
        },
        "21": {
            "loss": 0.09985175769071321,
            "acc": 0.9613423959218351
        },
        "22": {
            "loss": 0.09030654905615626,
            "acc": 0.9662276975361087
        },
        "23": {
            "loss": 0.08780907804297435,
            "acc": 0.9662276975361087
        },
        "24": {
            "loss": 0.08927259855979197,
            "acc": 0.9668649107901445
        },
        "25": {
            "loss": 0.08859504824755965,
            "acc": 0.9666525063721325
        },
        "26": {
            "loss": 0.08410919286512039,
            "acc": 0.9681393372982158
        },
        "27": {
            "loss": 0.08051705204353139,
            "acc": 0.9713254035683943
        },
        "28": {
            "loss": 0.08082380704581738,
            "acc": 0.9717502124044181
        },
        "29": {
            "loss": 0.08308535502166361,
            "acc": 0.9683517417162277
        },
        "30": {
            "loss": 0.07904068994763735,
            "acc": 0.9709005947323704
        },
        "31": {
            "loss": 0.0792662489756539,
            "acc": 0.9700509770603228
        },
        "32": {
            "loss": 0.07399372248029387,
            "acc": 0.973874256584537
        },
        "33": {
            "loss": 0.0795578110359005,
            "acc": 0.9702633814783348
        },
        "34": {
            "loss": 0.07403110521467957,
            "acc": 0.9717502124044181
        },
        "35": {
            "loss": 0.0752904043105003,
            "acc": 0.9715378079864061
        },
        "36": {
            "loss": 0.07342157412219692,
            "acc": 0.9702633814783348
        },
        "37": {
            "loss": 0.07805214092336796,
            "acc": 0.9711129991503823
        },
        "38": {
            "loss": 0.06886251462069717,
            "acc": 0.9742990654205608
        },
        "39": {
            "loss": 0.07002465447058549,
            "acc": 0.9749362786745964
        },
        "40": {
            "loss": 0.07377134308823056,
            "acc": 0.9706881903143585
        },
        "41": {
            "loss": 0.06925155292894389,
            "acc": 0.9723874256584537
        },
        "42": {
            "loss": 0.0627638611036378,
            "acc": 0.9779099405267629
        },
        "43": {
            "loss": 0.07167945308862506,
            "acc": 0.9730246389124894
        },
        "44": {
            "loss": 0.0644984378705959,
            "acc": 0.9779099405267629
        },
        "45": {
            "loss": 0.06824292297902945,
            "acc": 0.9753610875106202
        },
        "46": {
            "loss": 0.06086349832145749,
            "acc": 0.9787595581988106
        },
        "47": {
            "loss": 0.06240466800895897,
            "acc": 0.9779099405267629
        },
        "48": {
            "loss": 0.05867139630120348,
            "acc": 0.9768479184367035
        },
        "49": {
            "loss": 0.06245987957997902,
            "acc": 0.9770603228547153
        },
        "50": {
            "loss": 0.052829523243614146,
            "acc": 0.9796091758708582
        },
        "51": {
            "loss": 0.05034351915221762,
            "acc": 0.9804587935429057
        },
        "52": {
            "loss": 0.05038429723700156,
            "acc": 0.9808836023789295
        },
        "53": {
            "loss": 0.049035290042190136,
            "acc": 0.9834324553950722
        },
        "54": {
            "loss": 0.04770114675566957,
            "acc": 0.9825828377230247
        },
        "55": {
            "loss": 0.04439029807375895,
            "acc": 0.9823704333050127
        },
        "56": {
            "loss": 0.049243203238458245,
            "acc": 0.9813084112149533
        },
        "57": {
            "loss": 0.04622865513571211,
            "acc": 0.9827952421410365
        },
        "58": {
            "loss": 0.04597760857762517,
            "acc": 0.9836448598130841
        },
        "59": {
            "loss": 0.04589377151097398,
            "acc": 0.9821580288870009
        },
        "60": {
            "loss": 0.044934899999281845,
            "acc": 0.9827952421410365
        },
        "61": {
            "loss": 0.04517458121267122,
            "acc": 0.9842820730671198
        },
        "62": {
            "loss": 0.04476559476775897,
            "acc": 0.9823704333050127
        },
        "63": {
            "loss": 0.04384663786638428,
            "acc": 0.9830076465590484
        },
        "64": {
            "loss": 0.045088503446832705,
            "acc": 0.983857264231096
        },
        "65": {
            "loss": 0.04487910889391158,
            "acc": 0.9834324553950722
        },
        "66": {
            "loss": 0.04355528396931854,
            "acc": 0.9832200509770603
        },
        "67": {
            "loss": 0.04391817524525765,
            "acc": 0.9834324553950722
        },
        "68": {
            "loss": 0.042412263316077156,
            "acc": 0.9821580288870009
        },
        "69": {
            "loss": 0.040528212107617305,
            "acc": 0.9861937128292269
        },
        "70": {
            "loss": 0.04216412457360609,
            "acc": 0.9823704333050127
        },
        "71": {
            "loss": 0.04399634867503836,
            "acc": 0.9823704333050127
        },
        "72": {
            "loss": 0.04606647026800626,
            "acc": 0.9825828377230247
        },
        "73": {
            "loss": 0.042236529114479955,
            "acc": 0.9842820730671198
        },
        "74": {
            "loss": 0.042232069967163575,
            "acc": 0.9834324553950722
        },
        "75": {
            "loss": 0.03910150414181722,