{
    "train": {
        "0": {
            "loss": 2.034343801200517,
            "acc": 0.24028333333333332
        },
        "1": {
            "loss": 0.5201616420992402,
            "acc": 0.8211166666666667
        },
        "2": {
            "loss": 0.24752805564703464,
            "acc": 0.9198333333333333
        },
        "3": {
            "loss": 0.17308325706514469,
            "acc": 0.9442666666666667
        },
        "4": {
            "loss": 0.1454724617310361,
            "acc": 0.9537666666666667
        },
        "5": {
            "loss": 0.1273027173618772,
            "acc": 0.95905
        },
        "6": {
            "loss": 0.11312166392914395,
            "acc": 0.9641666666666666
        },
        "7": {
            "loss": 0.10439375392806682,
            "acc": 0.9664666666666667
        },
        "8": {
            "loss": 0.0968481811986708,
            "acc": 0.9689666666666666
        },
        "9": {
            "loss": 0.0914785801204664,
            "acc": 0.9703166666666667
        },
        "10": {
            "loss": 0.08704274242866968,
            "acc": 0.9716833333333333
        },
        "11": {
            "loss": 0.08439633993308808,
            "acc": 0.9730833333333333
        },
        "12": {
            "loss": 0.0800808869274472,
            "acc": 0.97445
        },
        "13": {
            "loss": 0.07417981998363474,
            "acc": 0.9763
        },
        "14": {
            "loss": 0.0722497359954758,
            "acc": 0.9763833333333334
        },
        "15": {
            "loss": 0.07174156644224708,
            "acc": 0.9762333333333333
        },
        "16": {
            "loss": 0.06931091773647394,
            "acc": 0.9780666666666666
        },
        "17": {
            "loss": 0.06737787881965386,
            "acc": 0.97815
        },
        "18": {
            "loss": 0.06256035997816273,
            "acc": 0.9801166666666666
        },
        "19": {
            "loss": 0.061762233220064626,
            "acc": 0.97915
        },
        "20": {
            "loss": 0.06263473444679843,
            "acc": 0.9794333333333334
        },
        "21": {
            "loss": 0.05951264408776469,
            "acc": 0.9808
        },
        "22": {
            "loss": 0.057963645985242784,
            "acc": 0.9808333333333333
        },
        "23": {
            "loss": 0.05762233879210662,
            "acc": 0.9808
        },
        "24": {
            "loss": 0.05699010828394752,
            "acc": 0.98105
        },
        "25": {
            "loss": 0.05483562412407639,
            "acc": 0.9817333333333333
        },
        "26": {
            "loss": 0.05310030098655013,
            "acc": 0.9826666666666667
        },
        "27": {
            "loss": 0.05300728498356365,
            "acc": 0.98245
        },
        "28": {
            "loss": 0.05152070632319588,
            "acc": 0.9830166666666666
        },
        "29": {
            "loss": 0.05110564644881355,
            "acc": 0.9835333333333334
        },
        "30": {
            "loss": 0.049822866143946695,
            "acc": 0.9834
        },
        "31": {
            "loss": 0.04823575193670068,
            "acc": 0.9845333333333334
        },
        "32": {
            "loss": 0.04826975353598309,
            "acc": 0.984
        },
        "33": {
            "loss": 0.046886197021250915,
            "acc": 0.9846666666666667
        },
        "34": {
            "loss": 0.048398941209210136,
            "acc": 0.9841
        },
        "35": {
            "loss": 0.04650878238140234,
            "acc": 0.9842666666666666
        },
        "36": {
            "loss": 0.045548938678950865,
            "acc": 0.9850666666666666
        },
        "37": {
            "loss": 0.044905497560472185,
            "acc": 0.9851166666666666
        },
        "38": {
            "loss": 0.045973930677184575,
            "acc": 0.9846666666666667
        },
        "39": {
            "loss": 0.042998410119955095,
            "acc": 0.9859666666666667
        },
        "40": {
            "loss": 0.04321384278120104,
            "acc": 0.9852833333333333
        },
        "41": {
            "loss": 0.042987246585608735,
            "acc": 0.9853666666666666
        },
        "42": {
            "loss": 0.041495435346446154,
            "acc": 0.9859833333333333
        },
        "43": {
            "loss": 0.0399251787859732,
            "acc": 0.9866833333333334
        },
        "44": {
            "loss": 0.04168192398593402,
            "acc": 0.98615
        },
        "45": {
            "loss": 0.04125133112394638,
            "acc": 0.98575
        },
        "46": {
            "loss": 0.03857347871145126,
            "acc": 0.9866333333333334
        },
        "47": {
            "loss": 0.04014148539565662,
            "acc": 0.9867666666666667
        },
        "48": {
            "loss": 0.039524543793377546,
            "acc": 0.9867333333333334
        },
        "49": {
            "loss": 0.0377033073757924,
            "acc": 0.9868666666666667
        },
        "50": {
            "loss": 0.029118082768567748,
            "acc": 0.9904666666666667
        },
        "51": {
            "loss": 0.02782132561906362,
            "acc": 0.9908833333333333
        },
        "52": {
            "loss": 0.026193999613611414,
            "acc": 0.99105
        },
        "53": {
            "loss": 0.024826715342891114,
            "acc": 0.9915166666666667
        },
        "54": {
            "loss": 0.02473114662915905,
            "acc": 0.9917833333333334
        },
        "55": {
            "loss": 0.0249557201512285,
            "acc": 0.9915
        },
        "56": {
            "loss": 0.024083988751465484,
            "acc": 0.9922166666666666
        },
        "57": {
            "loss": 0.024960275896306613,
            "acc": 0.9914
        },
        "58": {
            "loss": 0.02497559349695002,
            "acc": 0.9916666666666667
        },
        "59": {
            "loss": 0.024342982077609692,
            "acc": 0.99205
        },
        "60": {
            "loss": 0.023784678371033388,
            "acc": 0.9918833333333333
        },
        "61": {
            "loss": 0.023616681509375223,
            "acc": 0.9917666666666667
        },
        "62": {
            "loss": 0.02364875969024244,
            "acc": 0.9922
        },
        "63": {
            "loss": 0.022713950518315144,
            "acc": 0.9923
        },
        "64": {
            "loss": 0.022752346799843934,
            "acc": 0.9920333333333333
        },
        "65": {
            "loss": 0.02300666278945024,
            "acc": 0.99215
        },
        "66": {
            "loss": 0.02417321640142758,
            "acc": 0.99165
        },
        "67": {
            "loss": 0.02190854037585142,
            "acc": 0.9925166666666667
        },
        "68": {
            "loss": 0.022894643698764372,
            "acc": 0.99255
        },
        "69": {
            "loss": 0.022159784365180277,
            "acc": 0.9928
        },
        "70": {
            "loss": 0.022022601687719228,
            "acc": 0.99245
        },
        "71": {
            "loss": 0.021677394205186048,
            "acc": 0.9926
        },
        "72": {
            "loss": 0.021700767100727093,
            "acc": 0.9927166666666667
        },
        "73": {
            "loss": 0.021302355273164063,
            "acc": 0.9926
        },
        "74": {
            "loss": 0.021942973077949533,
            "acc": 0.9922333333333333
        },
        "75": {
            "loss": 0.02058512370461034,
            "acc": 0.9929333333333333
        },
        "76": {
            "loss": 0.02067898722131675,
            "acc": 0.99315
        },
        "77": {
            "loss": 0.020545964388162898,
            "acc": 0.9928833333333333
        },