{
    "train": {
        "0": {
            "loss": 1.9861973949115386,
            "acc": 0.22344326414507312
        },
        "1": {
            "loss": 1.3375416552139954,
            "acc": 0.4847437663896173
        },
        "2": {
            "loss": 1.0110969828780403,
            "acc": 0.6202831236943864
        },
        "3": {
            "loss": 0.8594821023500778,
            "acc": 0.6794524201075604
        },
        "4": {
            "loss": 0.7595893571322615,
            "acc": 0.7196542068536379
        },
        "5": {
            "loss": 0.6779491963203658,
            "acc": 0.7488666162940575
        },
        "6": {
            "loss": 0.6248410284857858,
            "acc": 0.7668118583048136
        },
        "7": {
            "loss": 0.5785560480064966,
            "acc": 0.7854682430330236
        },
        "8": {
            "loss": 0.534629872280427,
            "acc": 0.8015911818303035
        },
        "9": {
            "loss": 0.5383367871611633,
            "acc": 0.8024245522023201
        },
        "10": {
            "loss": 0.4769635470372371,
            "acc": 0.8265256233610383
        },
        "11": {
            "loss": 0.45142444044309243,
            "acc": 0.8345704253522379
        },
        "12": {
            "loss": 0.4314852052749219,
            "acc": 0.8433374816658518
        },
        "13": {
            "loss": 0.4096052468204024,
            "acc": 0.8516045157562558
        },
        "14": {
            "loss": 0.3945518575439399,
            "acc": 0.8571380950264457
        },
        "15": {
            "loss": 0.38797296151857485,
            "acc": 0.8595937597226544
        },
        "16": {
            "loss": 0.3641368491278792,
            "acc": 0.8664051735632695
        },
        "17": {
            "loss": 0.35004392444071447,
            "acc": 0.8717054091292946
        },
        "18": {
            "loss": 0.3321725689721378,
            "acc": 0.8795724254411307
        },
        "19": {
            "loss": 0.32687495490112767,
            "acc": 0.8815391795190898
        },
        "20": {
            "loss": 0.3142070777460255,
            "acc": 0.885483799279968
        },
        "21": {
            "loss": 0.30385435455140064,
            "acc": 0.8898951064491755
        },
        "22": {
            "loss": 0.29561736925759097,
            "acc": 0.893850837815014
        },
        "23": {
            "loss": 0.28406704354777257,
            "acc": 0.8967287434997111
        },
        "24": {
            "loss": 0.2736593775493516,
            "acc": 0.9004733543713054
        },
        "25": {
            "loss": 0.26892290641130373,
            "acc": 0.9024956664740655
        },
        "26": {
            "loss": 0.3632535852904601,
            "acc": 0.8688052802346771
        },
        "27": {
            "loss": 0.282407650702887,
            "acc": 0.8969620872038757
        },
        "28": {
            "loss": 0.26439241019331594,
            "acc": 0.9038512822792124
        },
        "29": {
            "loss": 0.2542256606552242,
            "acc": 0.9080848037690564
        },
        "30": {
            "loss": 0.24298662535676901,
            "acc": 0.9116516289612872
        },
        "31": {
            "loss": 0.23957508443643086,
            "acc": 0.9125961153829059
        },
        "32": {
            "loss": 0.23112318071335639,
            "acc": 0.9163629494644207
        },
        "33": {
            "loss": 0.22323024008867584,
            "acc": 0.9203297924352194
        },
        "34": {
            "loss": 0.21779217040272092,
            "acc": 0.9203742388550602
        },
        "35": {
            "loss": 0.2156733478927477,
            "acc": 0.9217187430552469
        },
        "36": {
            "loss": 0.20822020711917008,
            "acc": 0.9234521534290413
        },
        "37": {
            "loss": 0.20318085344677622,
            "acc": 0.9260300457798124
        },
        "38": {
            "loss": 0.20481187792029232,
            "acc": 0.9254633539268412
        },
        "39": {
            "loss": 0.1974859823028303,
            "acc": 0.9282301435619361
        },
        "40": {
            "loss": 0.19138031998359525,
            "acc": 0.9304857993688609
        },
        "41": {
            "loss": 0.18899427774489264,
            "acc": 0.9320414240632917
        },
        "42": {
            "loss": 0.18592802436218003,
            "acc": 0.9322303213476154
        },
        "43": {
            "loss": 0.18353912432741543,
            "acc": 0.9330303569047513
        },
        "44": {
            "loss": 0.1788120300572535,
            "acc": 0.9353637939463976
        },
        "45": {
            "loss": 0.17435842019569298,
            "acc": 0.9363860616027379
        },
        "46": {
            "loss": 0.17435237267901274,
            "acc": 0.9367860793813059
        },
        "47": {
            "loss": 0.1722369953799485,
            "acc": 0.9369971998755501
        },
        "48": {
            "loss": 0.16820335177577694,
            "acc": 0.9392084092626339
        },
        "49": {
            "loss": 0.1655706363645467,
            "acc": 0.9399528867949687
        },
        "50": {
            "loss": 0.11104017998282374,
            "acc": 0.9604760211564959
        },
        "51": {
            "loss": 0.10272742444331842,
            "acc": 0.9625872260989378
        },
        "52": {
            "loss": 0.10072923674703237,
            "acc": 0.9635539357304769
        },
        "53": {
            "loss": 0.09896506894041192,
            "acc": 0.9647095426463398
        },
        "54": {
            "loss": 0.09655897881814533,
            "acc": 0.9653540157340327
        },
        "55": {
            "loss": 0.09479439552788707,
            "acc": 0.9659540424018845
        },
        "56": {
            "loss": 0.09351956916031089,
            "acc": 0.9662318325258901
        },
        "57": {
            "loss": 0.09275741387021051,
            "acc": 0.966631850304458
        },
        "58": {
            "loss": 0.09156777914772234,
            "acc": 0.9671429841326281
        },
        "59": {
            "loss": 0.09218876770120749,
            "acc": 0.9669429752433442
        },
        "60": {
            "loss": 0.09181572540679057,
            "acc": 0.9671318725276679
        },
        "61": {
            "loss": 0.08966933786392804,
            "acc": 0.9677652340104005
        },
        "62": {
            "loss": 0.0889936256756879,
            "acc": 0.9680208009244855
        },
        "63": {
            "loss": 0.08748674593252045,
            "acc": 0.9681652517889684
        },
        "64": {
            "loss": 0.08732031178343194,
            "acc": 0.9687430552468999
        },
        "65": {
            "loss": 0.08622550120840473,
            "acc": 0.9699653317925241
        },
        "66": {
            "loss": 0.08542317367920821,
            "acc": 0.969454197964354
        },
        "67": {
            "loss": 0.08456965882214718,
            "acc": 0.9693653051246722
        },
        "68": {
            "loss": 0.08554352015860124,
            "acc": 0.9691652962353883
        },
        "69": {
            "loss": 0.0846873124696272,
            "acc": 0.9691097382105871
        },
        "70": {
            "loss": 0.08404926750402163,
            "acc": 0.9692986354949109
        },
        "71": {
            "loss": 0.08311381113526295,
            "acc": 0.9697653229032401
        },
        "72": {
            "loss": 0.08305794895568397,
            "acc": 0.9704875772256545
        },
        "73": {
            "loss": 0.08184430963724894,
            "acc": 0.9698764389528424
        },
        "74": {
            "loss": 0.08129955266221342,
            "acc": 0.9704542424107738
        },
        "75": {
            "loss": 0.07681788481105203,