{
    "train": {
        "0": {
            "loss": 0.8524513534153066,
            "acc": 0.7121833333333333
        },
        "1": {
            "loss": 0.14368367396088552,
            "acc": 0.95515
        },
        "2": {
            "loss": 0.10248637611248981,
            "acc": 0.9675333333333334
        },
        "3": {
            "loss": 0.0824809277068768,
            "acc": 0.9737333333333333
        },
        "4": {
            "loss": 0.0719660046780462,
            "acc": 0.9777
        },
        "5": {
            "loss": 0.062354094437462516,
            "acc": 0.9804
        },
        "6": {
            "loss": 0.05732840284613817,
            "acc": 0.9817666666666667
        },
        "7": {
            "loss": 0.05453745039132263,
            "acc": 0.9827666666666667
        },
        "8": {
            "loss": 0.05017479720698205,
            "acc": 0.9838666666666667
        },
        "9": {
            "loss": 0.047849046923756314,
            "acc": 0.9849333333333333
        },
        "10": {
            "loss": 0.04378219218904784,
            "acc": 0.9864333333333334
        },
        "11": {
            "loss": 0.04298339376170466,
            "acc": 0.9866
        },
        "12": {
            "loss": 0.04191262773233158,
            "acc": 0.9865833333333334
        },
        "13": {
            "loss": 0.03963754555411033,
            "acc": 0.9873833333333333
        },
        "14": {
            "loss": 0.037801728258703725,
            "acc": 0.9882
        },
        "15": {
            "loss": 0.035979280902841276,
            "acc": 0.98865
        },
        "16": {
            "loss": 0.03448801912289899,
            "acc": 0.9884833333333334
        },
        "17": {
            "loss": 0.03400730797554305,
            "acc": 0.9893166666666666
        },
        "18": {
            "loss": 0.034260870767697724,
            "acc": 0.9892
        },
        "19": {
            "loss": 0.032937819230755463,
            "acc": 0.98925
        },
        "20": {
            "loss": 0.03165203015179014,
            "acc": 0.9898333333333333
        },
        "21": {
            "loss": 0.030413880386997435,
            "acc": 0.99035
        },
        "22": {
            "loss": 0.029989337366916287,
            "acc": 0.9903833333333333
        },
        "23": {
            "loss": 0.028799716553622002,
            "acc": 0.99075
        },
        "24": {
            "loss": 0.029380401454693172,
            "acc": 0.9905166666666667
        },
        "25": {
            "loss": 0.026239717755266137,
            "acc": 0.9913166666666666
        },
        "26": {
            "loss": 0.026689070903672292,
            "acc": 0.9911166666666666
        },
        "27": {
            "loss": 0.02652297303679266,
            "acc": 0.99115
        },
        "28": {
            "loss": 0.026037128043618164,
            "acc": 0.9914166666666666
        },
        "29": {
            "loss": 0.023750726137804722,
            "acc": 0.9921833333333333
        },
        "30": {
            "loss": 0.02554593003006962,
            "acc": 0.99175
        },
        "31": {
            "loss": 0.02509776287342805,
            "acc": 0.9916666666666667
        },
        "32": {
            "loss": 0.024192300340622915,
            "acc": 0.9922333333333333
        },
        "33": {
            "loss": 0.022113693705231235,
            "acc": 0.9930166666666667
        },
        "34": {
            "loss": 0.022197714809930005,
            "acc": 0.9927166666666667
        },
        "35": {
            "loss": 0.0230512440422806,
            "acc": 0.9925833333333334
        },
        "36": {
            "loss": 0.023478266958178066,
            "acc": 0.99205
        },
        "37": {
            "loss": 0.021595883044674358,
            "acc": 0.9929333333333333
        },
        "38": {
            "loss": 0.02100259585413776,
            "acc": 0.9929333333333333
        },
        "39": {
            "loss": 0.020970703245871372,
            "acc": 0.9930666666666667
        },
        "40": {
            "loss": 0.020639134064524757,
            "acc": 0.99325
        },
        "41": {
            "loss": 0.020172130959262367,
            "acc": 0.9932333333333333
        },
        "42": {
            "loss": 0.019629129507978047,
            "acc": 0.9937166666666667
        },
        "43": {
            "loss": 0.01958009625278311,
            "acc": 0.9938
        },
        "44": {
            "loss": 0.01861883761092667,
            "acc": 0.9934833333333334
        },
        "45": {
            "loss": 0.01933213760970217,
            "acc": 0.99335
        },
        "46": {
            "loss": 0.01848622577977049,
            "acc": 0.99365
        },
        "47": {
            "loss": 0.018733772885442566,
            "acc": 0.9938
        },
        "48": {
            "loss": 0.017992578367558694,
            "acc": 0.9939833333333333
        },
        "49": {
            "loss": 0.01747262273639091,
            "acc": 0.9942333333333333
        },
        "50": {
            "loss": 0.012595505946735813,
            "acc": 0.99605
        },
        "51": {
            "loss": 0.011775323166896695,
            "acc": 0.9961333333333333
        },
        "52": {
            "loss": 0.010929071929986909,
            "acc": 0.99645
        },
        "53": {
            "loss": 0.01084029380854384,
            "acc": 0.9966166666666667
        },
        "54": {
            "loss": 0.010253801153399852,
            "acc": 0.9968666666666667
        },
        "55": {
            "loss": 0.010175826679412544,
            "acc": 0.9966166666666667
        },
        "56": {
            "loss": 0.009878583917536262,
            "acc": 0.9969
        },
        "57": {
            "loss": 0.009437871951966543,
            "acc": 0.9971333333333333
        },
        "58": {
            "loss": 0.009857400260556157,
            "acc": 0.99705
        },
        "59": {
            "loss": 0.009892366052645424,
            "acc": 0.99675
        },
        "60": {
            "loss": 0.00948503777015034,
            "acc": 0.9968833333333333
        },
        "61": {
            "loss": 0.00939630644167833,
            "acc": 0.9970333333333333
        },
        "62": {
            "loss": 0.009078680270524976,
            "acc": 0.9969666666666667
        },
        "63": {
            "loss": 0.008895929359654928,
            "acc": 0.9971166666666667
        },
        "64": {
            "loss": 0.009133355323142602,
            "acc": 0.9971833333333333
        },
        "65": {
            "loss": 0.009066839101175759,
            "acc": 0.9970833333333333
        },
        "66": {
            "loss": 0.008766299358190302,
            "acc": 0.9973333333333333
        },
        "67": {
            "loss": 0.009216156610599739,
            "acc": 0.9970333333333333
        },
        "68": {
            "loss": 0.008829631213961827,
            "acc": 0.9972166666666666
        },
        "69": {
            "loss": 0.00877035452200766,
            "acc": 0.9973166666666666
        },
        "70": {
            "loss": 0.008666423672841473,
            "acc": 0.9974
        },
        "71": {
            "loss": 0.008548985589362956,
            "acc": 0.9973333333333333
        },
        "72": {
            "loss": 0.008892756839246074,
            "acc": 0.9971833333333333
        },
        "73": {
            "loss": 0.008480296205280713,
            "acc": 0.99725
        },
        "74": {
            "loss": 0.008519675330750258,
            "acc": 0.9972666666666666
        },
        "75": {
            "loss": 0.008490356165225178,
            "acc": 0.9973333333333333
        },
        "76": {
            "loss": 0.007976144131419853,
            "acc": 0.9973833333333333
        },
        "77": {
            "loss": 0.008199161376311645,