{
    "train": {
        "0": {
            "loss": 0.6118164594108993,
            "acc": 0.7421410365335599
        },
        "1": {
            "loss": 0.554005237849983,
            "acc": 0.7421410365335599
        },
        "2": {
            "loss": 0.45854689060030757,
            "acc": 0.7759133389974512
        },
        "3": {
            "loss": 0.4010676644943856,
            "acc": 0.8676720475785896
        },
        "4": {
            "loss": 0.27103374052692103,
            "acc": 0.8982582837723024
        },
        "5": {
            "loss": 0.2065545187608616,
            "acc": 0.9188615123194562
        },
        "6": {
            "loss": 0.19815048696221532,
            "acc": 0.923534409515718
        },
        "7": {
            "loss": 0.17357808552883766,
            "acc": 0.9322429906542056
        },
        "8": {
            "loss": 0.17177457583917155,
            "acc": 0.9350042480883602
        },
        "9": {
            "loss": 0.1562859049519977,
            "acc": 0.9388275276125744
        },
        "10": {
            "loss": 0.15684174222720637,
            "acc": 0.9347918436703483
        },
        "11": {
            "loss": 0.14242683612817042,
            "acc": 0.9451996601529312
        },
        "12": {
            "loss": 0.1347147397495605,
            "acc": 0.9479609175870858
        },
        "13": {
            "loss": 0.12994855964505994,
            "acc": 0.949447748513169
        },
        "14": {
            "loss": 0.12912399241247693,
            "acc": 0.9509345794392523
        },
        "15": {
            "loss": 0.1253924189588508,
            "acc": 0.949660152931181
        },
        "16": {
            "loss": 0.12602693688225103,
            "acc": 0.9511469838572643
        },
        "17": {
            "loss": 0.11481634366351205,
            "acc": 0.9558198810535259
        },
        "18": {
            "loss": 0.11619093299314782,
            "acc": 0.9560322854715378
        },
        "19": {
            "loss": 0.11024021689553519,
            "acc": 0.9587935429056924
        },
        "20": {
            "loss": 0.11212750614897625,
            "acc": 0.9562446898895497
        },
        "21": {
            "loss": 0.11197852423867664,
            "acc": 0.953695836873407
        },
        "22": {
            "loss": 0.10494378551438048,
            "acc": 0.9590059473237044
        },
        "23": {
            "loss": 0.10535763183961043,
            "acc": 0.9604927782497876
        },
        "24": {
            "loss": 0.10170697370493734,
            "acc": 0.9615548003398471
        },
        "25": {
            "loss": 0.09893488108709052,
            "acc": 0.9628292268479184
        },
        "26": {
            "loss": 0.09670550919867851,
            "acc": 0.9643160577740016
        },
        "27": {
            "loss": 0.09600321596135965,
            "acc": 0.963678844519966
        },
        "28": {
            "loss": 0.09156516662521942,
            "acc": 0.9685641461342396
        },
        "29": {
            "loss": 0.09591051926081245,
            "acc": 0.9628292268479184
        },
        "30": {
            "loss": 0.0889848726424011,
            "acc": 0.9662276975361087
        },
        "31": {
            "loss": 0.08664886884995408,
            "acc": 0.9719626168224299
        },
        "32": {
            "loss": 0.08595773446801547,
            "acc": 0.9672897196261683
        },
        "33": {
            "loss": 0.08682347763631795,
            "acc": 0.965802888700085
        },
        "34": {
            "loss": 0.08108961139176343,
            "acc": 0.9683517417162277
        },
        "35": {
            "loss": 0.08053791603526554,
            "acc": 0.9689889549702634
        },
        "36": {
            "loss": 0.08116693059737617,
            "acc": 0.969838572642311
        },
        "37": {
            "loss": 0.07976475096232183,
            "acc": 0.969838572642311
        },
        "38": {
            "loss": 0.07602130641808381,
            "acc": 0.9717502124044181
        },
        "39": {
            "loss": 0.07878592343547859,
            "acc": 0.969838572642311
        },
        "40": {
            "loss": 0.07219982137148445,
            "acc": 0.9730246389124894
        },
        "41": {
            "loss": 0.08025155020122593,
            "acc": 0.969626168224299
        },
        "42": {
            "loss": 0.07170152971269311,
            "acc": 0.9723874256584537
        },
        "43": {
            "loss": 0.0771077979054,
            "acc": 0.9702633814783348
        },
        "44": {
            "loss": 0.0760660656803363,
            "acc": 0.9711129991503823
        },
        "45": {
            "loss": 0.06860300400168509,
            "acc": 0.973874256584537
        },
        "46": {
            "loss": 0.07452960453323416,
            "acc": 0.9700509770603228
        },
        "47": {
            "loss": 0.0689115266542177,
            "acc": 0.9730246389124894
        },
        "48": {
            "loss": 0.06627019137345455,
            "acc": 0.9772727272727273
        },
        "49": {
            "loss": 0.06827350358503896,
            "acc": 0.973661852166525
        },
        "50": {
            "loss": 0.058665343635791053,
            "acc": 0.9781223449447749
        },
        "51": {
            "loss": 0.05641344333117878,
            "acc": 0.9791843670348344
        },
        "52": {
            "loss": 0.055963102929495474,
            "acc": 0.9804587935429057
        },
        "53": {
            "loss": 0.05535662969624674,
            "acc": 0.97982158028887
        },
        "54": {
            "loss": 0.05301591753959656,
            "acc": 0.9810960067969414
        },
        "55": {
            "loss": 0.054077904948310274,
            "acc": 0.9806711979609176
        },
        "56": {
            "loss": 0.05305275708638333,
            "acc": 0.9804587935429057
        },
        "57": {
            "loss": 0.053730757328102716,
            "acc": 0.97982158028887
        },
        "58": {
            "loss": 0.05352775450493839,
            "acc": 0.9804587935429057
        },
        "59": {
            "loss": 0.0520725275415021,
            "acc": 0.9800339847068819
        },
        "60": {
            "loss": 0.0516331781054268,
            "acc": 0.9793967714528462
        },
        "61": {
            "loss": 0.054224492755491994,
            "acc": 0.9802463891248938
        },
        "62": {
            "loss": 0.05249591141536429,
            "acc": 0.9796091758708582
        },
        "63": {
            "loss": 0.05298649434100937,
            "acc": 0.9791843670348344
        },
        "64": {
            "loss": 0.05263799665546095,
            "acc": 0.9825828377230247
        },
        "65": {
            "loss": 0.04858256536661773,
            "acc": 0.9806711979609176
        },
        "66": {
            "loss": 0.049930564102691574,
            "acc": 0.9813084112149533
        },
        "67": {
            "loss": 0.049904366325889085,
            "acc": 0.97982158028887
        },
        "68": {
            "loss": 0.049869564865287895,
            "acc": 0.9806711979609176
        },
        "69": {
            "loss": 0.04958910142650475,
            "acc": 0.9817332200509771
        },
        "70": {
            "loss": 0.049570158476362355,
            "acc": 0.9802463891248938
        },
        "71": {
            "loss": 0.05070595911427124,
            "acc": 0.9789719626168224
        },
        "72": {
            "loss": 0.05061168787447182,
            "acc": 0.9808836023789295
        },
        "73": {
            "loss": 0.047483032820998014,
            "acc": 0.9815208156329651
        },
        "74": {
            "loss": 0.05171702600814201,
            "acc": 0.9815208156329651
        },
        "75": {
            "loss": 0.044536634272820244,