{
    "train": {
        "0": {
            "loss": 0.9451708763138826,
            "acc": 0.6688166666666666
        },
        "1": {
            "loss": 0.13947278397805146,
            "acc": 0.9570833333333333
        },
        "2": {
            "loss": 0.09418949052723231,
            "acc": 0.9703
        },
        "3": {
            "loss": 0.07381990980476077,
            "acc": 0.9779166666666667
        },
        "4": {
            "loss": 0.0653152793510827,
            "acc": 0.9795166666666667
        },
        "5": {
            "loss": 0.05820536140157883,
            "acc": 0.9819166666666667
        },
        "6": {
            "loss": 0.052246937253224504,
            "acc": 0.9835666666666667
        },
        "7": {
            "loss": 0.049033495700800976,
            "acc": 0.9845
        },
        "8": {
            "loss": 0.04635000446819262,
            "acc": 0.9856333333333334
        },
        "9": {
            "loss": 0.04224677076007226,
            "acc": 0.9868166666666667
        },
        "10": {
            "loss": 0.040820381733706036,
            "acc": 0.9868166666666667
        },
        "11": {
            "loss": 0.038623276126157964,
            "acc": 0.9877333333333334
        },
        "12": {
            "loss": 0.03629133733064393,
            "acc": 0.98835
        },
        "13": {
            "loss": 0.034448856921014646,
            "acc": 0.98865
        },
        "14": {
            "loss": 0.033321497205303294,
            "acc": 0.989
        },
        "15": {
            "loss": 0.033202398211451004,
            "acc": 0.9891166666666666
        },
        "16": {
            "loss": 0.030711540509499848,
            "acc": 0.9903833333333333
        },
        "17": {
            "loss": 0.030934418881756822,
            "acc": 0.9901833333333333
        },
        "18": {
            "loss": 0.029234382355692926,
            "acc": 0.9900833333333333
        },
        "19": {
            "loss": 0.028099669026645787,
            "acc": 0.9908666666666667
        },
        "20": {
            "loss": 0.026412176848478568,
            "acc": 0.99165
        },
        "21": {
            "loss": 0.026425369674645698,
            "acc": 0.9912833333333333
        },
        "22": {
            "loss": 0.024851319346098362,
            "acc": 0.9917666666666667
        },
        "23": {
            "loss": 0.02378552596790712,
            "acc": 0.99215
        },
        "24": {
            "loss": 0.0247475145956693,
            "acc": 0.9917
        },
        "25": {
            "loss": 0.02395156789561118,
            "acc": 0.9922166666666666
        },
        "26": {
            "loss": 0.02276958511466645,
            "acc": 0.9926666666666667
        },
        "27": {
            "loss": 0.021975598780181148,
            "acc": 0.99295
        },
        "28": {
            "loss": 0.021265976115696823,
            "acc": 0.9926833333333334
        },
        "29": {
            "loss": 0.021693002685210974,
            "acc": 0.9929666666666667
        },
        "30": {
            "loss": 0.02102905948022589,
            "acc": 0.9931666666666666
        },
        "31": {
            "loss": 0.019382518471721538,
            "acc": 0.99345
        },
        "32": {
            "loss": 0.019498578513719774,
            "acc": 0.9938833333333333
        },
        "33": {
            "loss": 0.019888180100531783,
            "acc": 0.9935166666666667
        },
        "34": {
            "loss": 0.01795006242815528,
            "acc": 0.9938833333333333
        },
        "35": {
            "loss": 0.018999410468885407,
            "acc": 0.9935
        },
        "36": {
            "loss": 0.018017422491267546,
            "acc": 0.9941
        },
        "37": {
            "loss": 0.017596339222479628,
            "acc": 0.9939166666666667
        },
        "38": {
            "loss": 0.017503354688676923,
            "acc": 0.994
        },
        "39": {
            "loss": 0.01649880457060364,
            "acc": 0.9944166666666666
        },
        "40": {
            "loss": 0.01657130695563723,
            "acc": 0.99455
        },
        "41": {
            "loss": 0.015759546973078308,
            "acc": 0.9947666666666667
        },
        "42": {
            "loss": 0.015470072327093331,
            "acc": 0.9947833333333334
        },
        "43": {
            "loss": 0.016473656721057685,
            "acc": 0.9945166666666667
        },
        "44": {
            "loss": 0.014559378727961744,
            "acc": 0.9948666666666667
        },
        "45": {
            "loss": 0.015281932345325393,
            "acc": 0.99495
        },
        "46": {
            "loss": 0.01436134397307523,
            "acc": 0.9952333333333333
        },
        "47": {
            "loss": 0.014498506183562273,
            "acc": 0.9951333333333333
        },
        "48": {
            "loss": 0.013604351028148184,
            "acc": 0.9953833333333333
        },
        "49": {
            "loss": 0.013582197264078132,
            "acc": 0.9955333333333334
        },
        "50": {
            "loss": 0.008889923424941293,
            "acc": 0.9969833333333333
        },
        "51": {
            "loss": 0.00833101856518787,
            "acc": 0.9973666666666666
        },
        "52": {
            "loss": 0.0073173520855418445,
            "acc": 0.9977166666666667
        },
        "53": {
            "loss": 0.007500914620268575,
            "acc": 0.9976166666666667
        },
        "54": {
            "loss": 0.007284236071404315,
            "acc": 0.9977166666666667
        },
        "55": {
            "loss": 0.007031215790589749,
            "acc": 0.9976333333333334
        },
        "56": {
            "loss": 0.006912604410690367,
            "acc": 0.9979666666666667
        },
        "57": {
            "loss": 0.006476900083132521,
            "acc": 0.9979833333333333
        },
        "58": {
            "loss": 0.006419043667870561,
            "acc": 0.9979166666666667
        },
        "59": {
            "loss": 0.006765920950585965,
            "acc": 0.9978666666666667
        },
        "60": {
            "loss": 0.006390173913952748,
            "acc": 0.9978666666666667
        },
        "61": {
            "loss": 0.006342105822967066,
            "acc": 0.9980333333333333
        },
        "62": {
            "loss": 0.006354795863894351,
            "acc": 0.99785
        },
        "63": {
            "loss": 0.006424962190804066,
            "acc": 0.9979333333333333
        },
        "64": {
            "loss": 0.00647083178064776,
            "acc": 0.9977833333333334
        },
        "65": {
            "loss": 0.006126686982410366,
            "acc": 0.99805
        },
        "66": {
            "loss": 0.006054724505917578,
            "acc": 0.998
        },
        "67": {
            "loss": 0.006031899713398665,
            "acc": 0.9980833333333333
        },
        "68": {
            "loss": 0.00590891996904317,
            "acc": 0.99805
        },
        "69": {
            "loss": 0.005747278857047109,
            "acc": 0.9982333333333333
        },
        "70": {
            "loss": 0.006304776439432712,
            "acc": 0.9979
        },
        "71": {
            "loss": 0.0056095819071062215,
            "acc": 0.9981
        },
        "72": {
            "loss": 0.005674461651186551,
            "acc": 0.9981
        },
        "73": {
            "loss": 0.0054250441868417786,
            "acc": 0.9981833333333333
        },
        "74": {
            "loss": 0.005560264079668025,
            "acc": 0.9983333333333333
        },
        "75": {
            "loss": 0.005092277008734061,
            "acc": 0.9984666666666666
        },
        "76": {
            "loss": 0.005187598986544402,
            "acc": 0.9984166666666666
        },