{
    "train": {
        "0": {
            "loss": 0.7978866973887883,
            "acc": 0.7316
        },
        "1": {
            "loss": 0.14415891012593882,
            "acc": 0.9555833333333333
        },
        "2": {
            "loss": 0.10177620317238861,
            "acc": 0.9676166666666667
        },
        "3": {
            "loss": 0.08563944705521692,
            "acc": 0.9732666666666666
        },
        "4": {
            "loss": 0.07314910415186683,
            "acc": 0.9768166666666667
        },
        "5": {
            "loss": 0.06567759150817895,
            "acc": 0.9799833333333333
        },
        "6": {
            "loss": 0.061170735428216994,
            "acc": 0.9809833333333333
        },
        "7": {
            "loss": 0.056475038364180115,
            "acc": 0.98225
        },
        "8": {
            "loss": 0.053262672740032775,
            "acc": 0.9833166666666666
        },
        "9": {
            "loss": 0.05185372250001711,
            "acc": 0.9837666666666667
        },
        "10": {
            "loss": 0.047000253370512265,
            "acc": 0.9852166666666666
        },
        "11": {
            "loss": 0.04487924401743659,
            "acc": 0.98565
        },
        "12": {
            "loss": 0.04327570052414354,
            "acc": 0.9865166666666667
        },
        "13": {
            "loss": 0.04246990109629024,
            "acc": 0.98635
        },
        "14": {
            "loss": 0.0402296937471911,
            "acc": 0.9872333333333333
        },
        "15": {
            "loss": 0.03846487975361616,
            "acc": 0.98785
        },
        "16": {
            "loss": 0.03678081250354362,
            "acc": 0.9881166666666666
        },
        "17": {
            "loss": 0.03535887832045436,
            "acc": 0.9887166666666667
        },
        "18": {
            "loss": 0.035654821636667576,
            "acc": 0.9887
        },
        "19": {
            "loss": 0.034215349015215835,
            "acc": 0.9886333333333334
        },
        "20": {
            "loss": 0.0332201446241725,
            "acc": 0.9892333333333333
        },
        "21": {
            "loss": 0.03169781910399519,
            "acc": 0.9898666666666667
        },
        "22": {
            "loss": 0.031420023516510555,
            "acc": 0.99005
        },
        "23": {
            "loss": 0.030290216650825732,
            "acc": 0.9903833333333333
        },
        "24": {
            "loss": 0.03002657449699001,
            "acc": 0.9901
        },
        "25": {
            "loss": 0.028208549540769904,
            "acc": 0.9908833333333333
        },
        "26": {
            "loss": 0.02820310889378881,
            "acc": 0.9907333333333334
        },
        "27": {
            "loss": 0.02750986222965099,
            "acc": 0.9908
        },
        "28": {
            "loss": 0.02592050368145013,
            "acc": 0.99155
        },
        "29": {
            "loss": 0.027507384417395888,
            "acc": 0.99095
        },
        "30": {
            "loss": 0.0273828513896478,
            "acc": 0.9910833333333333
        },
        "31": {
            "loss": 0.025224781952359512,
            "acc": 0.9917666666666667
        },
        "32": {
            "loss": 0.025250292565576288,
            "acc": 0.9916
        },
        "33": {
            "loss": 0.025537243276498894,
            "acc": 0.9918833333333333
        },
        "34": {
            "loss": 0.023326535548231424,
            "acc": 0.9926
        },
        "35": {
            "loss": 0.023972199559507114,
            "acc": 0.9922833333333333
        },
        "36": {
            "loss": 0.023030803123958655,
            "acc": 0.9921666666666666
        },
        "37": {
            "loss": 0.023669772649254364,
            "acc": 0.9920166666666667
        },
        "38": {
            "loss": 0.02339514912908345,
            "acc": 0.9920833333333333
        },
        "39": {
            "loss": 0.022244006659198148,
            "acc": 0.9932333333333333
        },
        "40": {
            "loss": 0.020936237139277843,
            "acc": 0.9928166666666667
        },
        "41": {
            "loss": 0.021398255397860548,
            "acc": 0.99255
        },
        "42": {
            "loss": 0.020548413282752767,
            "acc": 0.9934
        },
        "43": {
            "loss": 0.02095566944611112,
            "acc": 0.9932833333333333
        },
        "44": {
            "loss": 0.019195864205871688,
            "acc": 0.99355
        },
        "45": {
            "loss": 0.02051670918676025,
            "acc": 0.9931166666666666
        },
        "46": {
            "loss": 0.01932157878093779,
            "acc": 0.9935166666666667
        },
        "47": {
            "loss": 0.01905363107015486,
            "acc": 0.9936666666666667
        },
        "48": {
            "loss": 0.018479901320046073,
            "acc": 0.9934666666666667
        },
        "49": {
            "loss": 0.01828508477836504,
            "acc": 0.9941166666666666
        },
        "50": {
            "loss": 0.013645600123422296,
            "acc": 0.9956
        },
        "51": {
            "loss": 0.012602068131946193,
            "acc": 0.9960833333333333
        },
        "52": {
            "loss": 0.0122440581293794,
            "acc": 0.9961666666666666
        },
        "53": {
            "loss": 0.011493640385249427,
            "acc": 0.99615
        },
        "54": {
            "loss": 0.01111869315613932,
            "acc": 0.9964666666666666
        },
        "55": {
            "loss": 0.011087337208900979,
            "acc": 0.99645
        },
        "56": {
            "loss": 0.011319332216191899,
            "acc": 0.99635
        },
        "57": {
            "loss": 0.010573907089340232,
            "acc": 0.9965666666666667
        },
        "58": {
            "loss": 0.010442296866571277,
            "acc": 0.9965833333333334
        },
        "59": {
            "loss": 0.010505031440999043,
            "acc": 0.99665
        },
        "60": {
            "loss": 0.010415160914198923,
            "acc": 0.9963666666666666
        },
        "61": {
            "loss": 0.009963536232505475,
            "acc": 0.9968666666666667
        },
        "62": {
            "loss": 0.010455106822602542,
            "acc": 0.9968333333333333
        },
        "63": {
            "loss": 0.009854524573185858,
            "acc": 0.9969166666666667
        },
        "64": {
            "loss": 0.009862636209406984,
            "acc": 0.9967666666666667
        },
        "65": {
            "loss": 0.009808057678650185,
            "acc": 0.9966666666666667
        },
        "66": {
            "loss": 0.010068667302153129,
            "acc": 0.99685
        },
        "67": {
            "loss": 0.009902474279756839,
            "acc": 0.9969666666666667
        },
        "68": {
            "loss": 0.009231274443916105,
            "acc": 0.9969333333333333
        },
        "69": {
            "loss": 0.009864795412333966,
            "acc": 0.9969333333333333
        },
        "70": {
            "loss": 0.009602945579841647,
            "acc": 0.9969333333333333
        },
        "71": {
            "loss": 0.009717697139065127,
            "acc": 0.9971
        },
        "72": {
            "loss": 0.009490974538711094,
            "acc": 0.9968333333333333
        },
        "73": {
            "loss": 0.008800075493945575,
            "acc": 0.9971333333333333
        },
        "74": {
            "loss": 0.00927142308615863,
            "acc": 0.9970333333333333
        },
        "75": {
            "loss": 0.008867050594921266,
            "acc": 0.99715
        },
        "76": {
            "loss": 0.008446762579162968,
            "acc": 0.9971
        },
        "77": {
            "loss": 0.008618323045984052,