{
    "train": {
        "0": {
            "loss": 1.7548568338981823,
            "acc": 0.3691833333333333
        },
        "1": {
            "loss": 0.6899337534075861,
            "acc": 0.7532666666666666
        },
        "2": {
            "loss": 0.45282541047027114,
            "acc": 0.84285
        },
        "3": {
            "loss": 0.3548384713275092,
            "acc": 0.8787333333333334
        },
        "4": {
            "loss": 0.30692472110297886,
            "acc": 0.8968666666666667
        },
        "5": {
            "loss": 0.2678713307324757,
            "acc": 0.9099166666666667
        },
        "6": {
            "loss": 0.24287395641557188,
            "acc": 0.9191333333333334
        },
        "7": {
            "loss": 0.22189451439548402,
            "acc": 0.9263333333333333
        },
        "8": {
            "loss": 0.2026285745028748,
            "acc": 0.9335166666666667
        },
        "9": {
            "loss": 0.1905363956684751,
            "acc": 0.9366666666666666
        },
        "10": {
            "loss": 0.1819606099301564,
            "acc": 0.9418833333333333
        },
        "11": {
            "loss": 0.1695103187884476,
            "acc": 0.9443
        },
        "12": {
            "loss": 0.16956383004975217,
            "acc": 0.9443666666666667
        },
        "13": {
            "loss": 0.15943330542238027,
            "acc": 0.94665
        },
        "14": {
            "loss": 0.15464310603800105,
            "acc": 0.9503166666666667
        },
        "15": {
            "loss": 0.15017791751668905,
            "acc": 0.9512333333333334
        },
        "16": {
            "loss": 0.14632592202503797,
            "acc": 0.9517
        },
        "17": {
            "loss": 0.14233316999000273,
            "acc": 0.9533166666666667
        },
        "18": {
            "loss": 0.14346842536889415,
            "acc": 0.95255
        },
        "19": {
            "loss": 0.13502182605376503,
            "acc": 0.9552833333333334
        },
        "20": {
            "loss": 0.13470465898005438,
            "acc": 0.9559833333333333
        },
        "21": {
            "loss": 0.1311431382693398,
            "acc": 0.95705
        },
        "22": {
            "loss": 0.12999693063625903,
            "acc": 0.9572833333333334
        },
        "23": {
            "loss": 0.12848334606967246,
            "acc": 0.9586666666666667
        },
        "24": {
            "loss": 0.1265410186250263,
            "acc": 0.95905
        },
        "25": {
            "loss": 0.12143829152750563,
            "acc": 0.9602
        },
        "26": {
            "loss": 0.12068431656847377,
            "acc": 0.9601833333333334
        },
        "27": {
            "loss": 0.11746667499449462,
            "acc": 0.9608833333333333
        },
        "28": {
            "loss": 0.11906300726602835,
            "acc": 0.9605
        },
        "29": {
            "loss": 0.115867813135674,
            "acc": 0.9618166666666667
        },
        "30": {
            "loss": 0.11442452888570424,
            "acc": 0.96255
        },
        "31": {
            "loss": 0.11276382518443726,
            "acc": 0.9622
        },
        "32": {
            "loss": 0.11249241420725134,
            "acc": 0.96315
        },
        "33": {
            "loss": 0.1121288961224528,
            "acc": 0.9627666666666667
        },
        "34": {
            "loss": 0.1107299189720708,
            "acc": 0.9633
        },
        "35": {
            "loss": 0.10934659393865671,
            "acc": 0.9640833333333333
        },
        "36": {
            "loss": 0.10863073541522661,
            "acc": 0.96535
        },
        "37": {
            "loss": 0.10813525934685776,
            "acc": 0.9642333333333334
        },
        "38": {
            "loss": 0.10407556763002232,
            "acc": 0.9655333333333334
        },
        "39": {
            "loss": 0.10608562298103182,
            "acc": 0.9654666666666667
        },
        "40": {
            "loss": 0.10553535139128598,
            "acc": 0.9656166666666667
        },
        "41": {
            "loss": 0.10474519764007663,
            "acc": 0.9653166666666667
        },
        "42": {
            "loss": 0.10050204753287947,
            "acc": 0.9668
        },
        "43": {
            "loss": 0.10233389712901893,
            "acc": 0.96655
        },
        "44": {
            "loss": 0.10227924273577707,
            "acc": 0.966
        },
        "45": {
            "loss": 0.10043247077844418,
            "acc": 0.9669666666666666
        },
        "46": {
            "loss": 0.09994228003121643,
            "acc": 0.9665
        },
        "47": {
            "loss": 0.09973360434261912,
            "acc": 0.9670666666666666
        },
        "48": {
            "loss": 0.09819050456113271,
            "acc": 0.9681666666666666
        },
        "49": {
            "loss": 0.09467652297890516,
            "acc": 0.96845
        },
        "50": {
            "loss": 0.08100312875945177,
            "acc": 0.97305
        },
        "51": {
            "loss": 0.07658854435716293,
            "acc": 0.9749833333333333
        },
        "52": {
            "loss": 0.07846102437206995,
            "acc": 0.9737
        },
        "53": {
            "loss": 0.07588743729624095,
            "acc": 0.9745166666666667
        },
        "54": {
            "loss": 0.07435811712527707,
            "acc": 0.9751166666666666
        },
        "55": {
            "loss": 0.0730445741542748,
            "acc": 0.9751
        },
        "56": {
            "loss": 0.07335620567893614,
            "acc": 0.9754333333333334
        },
        "57": {
            "loss": 0.07333708580321213,
            "acc": 0.9751166666666666
        },
        "58": {
            "loss": 0.07185361620142007,
            "acc": 0.976
        },
        "59": {
            "loss": 0.07364592179536883,
            "acc": 0.9751666666666666
        },
        "60": {
            "loss": 0.07072595234658481,
            "acc": 0.9764
        },
        "61": {
            "loss": 0.07084019189235816,
            "acc": 0.9761666666666666
        },
        "62": {
            "loss": 0.07099557228124281,
            "acc": 0.9760166666666666
        },
        "63": {
            "loss": 0.0709038511998872,
            "acc": 0.9762333333333333
        },
        "64": {
            "loss": 0.07166976884587296,
            "acc": 0.97685
        },
        "65": {
            "loss": 0.06926525473745583,
            "acc": 0.9772333333333333
        },
        "66": {
            "loss": 0.07211763176447483,
            "acc": 0.9760833333333333
        },
        "67": {
            "loss": 0.06903558026459108,
            "acc": 0.9768333333333333
        },
        "68": {
            "loss": 0.07017705555377739,
            "acc": 0.9766833333333333
        },
        "69": {
            "loss": 0.06933393542652827,
            "acc": 0.9766
        },
        "70": {
            "loss": 0.07074405801301795,
            "acc": 0.9770833333333333
        },
        "71": {
            "loss": 0.06832172134633004,
            "acc": 0.9772166666666666
        },
        "72": {
            "loss": 0.06731237091823046,
            "acc": 0.9773666666666667
        },
        "73": {
            "loss": 0.06830629757615422,
            "acc": 0.9769333333333333
        },
        "74": {
            "loss": 0.06948872296802842,
            "acc": 0.9773666666666667
        },
        "75": {
            "loss": 0.06714525190132387,
            "acc": 0.9770666666666666
        },
        "76": {
            "loss": 0.06768124759483185,
            "acc": 0.97795
        },
        "77": {
            "loss": 0.06645616439026175,
            "acc": 0.97755
        },
        "78": {
            "loss": 0.06677579369618376,