{
    "train": {
        "0": {
            "loss": 1.4784150568091057,
            "acc": 0.4389306191386284
        },
        "1": {
            "loss": 0.9553600822321393,
            "acc": 0.6449731099159962
        },
        "2": {
            "loss": 0.6753819310106337,
            "acc": 0.7511889417307436
        },
        "3": {
            "loss": 0.5585090481168167,
            "acc": 0.7944908662607227
        },
        "4": {
            "loss": 0.4806092287075113,
            "acc": 0.8242366327392329
        },
        "5": {
            "loss": 0.44665955725676293,
            "acc": 0.837148317703009
        },
        "6": {
            "loss": 0.3809737241403623,
            "acc": 0.861849415529579
        },
        "7": {
            "loss": 0.34639897364170547,
            "acc": 0.8740610693808614
        },
        "8": {
            "loss": 0.31140162101523444,
            "acc": 0.8877950131116938
        },
        "9": {
            "loss": 0.2866129503289068,
            "acc": 0.8956509178185698
        },
        "10": {
            "loss": 0.2656206801025705,
            "acc": 0.903984621538735
        },
        "11": {
            "loss": 0.25211181826042856,
            "acc": 0.9108515934041513
        },
        "12": {
            "loss": 0.23974837846419012,
            "acc": 0.9134628205698031
        },
        "13": {
            "loss": 0.22049904176012866,
            "acc": 0.9208298146584293
        },
        "14": {
            "loss": 0.2106054917253046,
            "acc": 0.9247744344193075
        },
        "15": {
            "loss": 0.20531825426521458,
            "acc": 0.9265634028179031
        },
        "16": {
            "loss": 0.1895111213221257,
            "acc": 0.9317414107293658
        },
        "17": {
            "loss": 0.1765248345486312,
            "acc": 0.9362860571580959
        },
        "18": {
            "loss": 0.17097787123797883,
            "acc": 0.9375750033334815
        },
        "19": {
            "loss": 0.16582983611574906,
            "acc": 0.940930708031468
        },
        "20": {
            "loss": 0.1585002828029577,
            "acc": 0.9434308191475177
        },
        "21": {
            "loss": 0.15862690652085637,
            "acc": 0.9430530245788702
        },
        "22": {
            "loss": 0.15009776056236165,
            "acc": 0.9465087337214987
        },
        "23": {
            "loss": 0.14039548374024557,
            "acc": 0.9499644428641273
        },
        "24": {
            "loss": 0.13481891952687874,
            "acc": 0.9517756344726432
        },
        "25": {
            "loss": 0.1290079936099408,
            "acc": 0.9539868438597271
        },
        "26": {
            "loss": 0.12675248495758173,
            "acc": 0.9546090937374995
        },
        "27": {
            "loss": 0.12271932880817489,
            "acc": 0.955842481888084
        },
        "28": {
            "loss": 0.118529826418539,
            "acc": 0.9575870038668385
        },
        "29": {
            "loss": 0.11370329675000077,
            "acc": 0.9589315080670252
        },
        "30": {
            "loss": 0.11257124290039594,
            "acc": 0.9598537712787235
        },
        "31": {
            "loss": 0.11230836617919109,
            "acc": 0.9594315302902351
        },
        "32": {
            "loss": 0.10399273115200974,
            "acc": 0.9624094404195742
        },
        "33": {
            "loss": 0.10049065625406167,
            "acc": 0.9639317302991244
        },
        "34": {
            "loss": 0.09562688249438493,
            "acc": 0.965520689808436
        },
        "35": {
            "loss": 0.10067642423779365,
            "acc": 0.9639539535090449
        },
        "36": {
            "loss": 0.09353682241106237,
            "acc": 0.966431841415174
        },
        "37": {
            "loss": 0.09180615372050935,
            "acc": 0.9664429530201343
        },
        "38": {
            "loss": 0.08708481138191101,
            "acc": 0.9687208320369795
        },
        "39": {
            "loss": 0.08689605882814662,
            "acc": 0.9684208187030535
        },
        "40": {
            "loss": 0.08606547056247522,
            "acc": 0.9685763811724966
        },
        "41": {
            "loss": 0.07980608437157405,
            "acc": 0.9709098182141429
        },
        "42": {
            "loss": 0.0854521671810124,
            "acc": 0.9691764078403484
        },
        "43": {
            "loss": 0.07628985436696728,
            "acc": 0.972632116982977
        },
        "44": {
            "loss": 0.07437842840921473,
            "acc": 0.9726765634028179
        },
        "45": {
            "loss": 0.0725178791630738,
            "acc": 0.9732765900706698
        },
        "46": {
            "loss": 0.06861941881156368,
            "acc": 0.9750655584692653
        },
        "47": {
            "loss": 0.06867153537859849,
            "acc": 0.9755322458775946
        },
        "48": {
            "loss": 0.0680534846363695,
            "acc": 0.9757100315569581
        },
        "49": {
            "loss": 0.06671751997121399,
            "acc": 0.9759989332859238
        },
        "50": {
            "loss": 0.03008931916371115,
            "acc": 0.9896884305969155
        },
        "51": {
            "loss": 0.02466663522930255,
            "acc": 0.9919551980088004
        },
        "52": {
            "loss": 0.02261481360024349,
            "acc": 0.9925441130716921
        },
        "53": {
            "loss": 0.02100267387868371,
            "acc": 0.9933774834437086
        },
        "54": {
            "loss": 0.020135681905561465,
            "acc": 0.9933885950486688
        },
        "55": {
            "loss": 0.019855904285412344,
            "acc": 0.9933552602337882
        },
        "56": {
            "loss": 0.01830004665333201,
            "acc": 0.9942108538157252
        },
        "57": {
            "loss": 0.01808164695640616,
            "acc": 0.9940441797413219
        },
        "58": {
            "loss": 0.017348636721552877,
            "acc": 0.9943441930752478
        },
        "59": {
            "loss": 0.01703249537058582,
            "acc": 0.9945664251744522
        },
        "60": {
            "loss": 0.01692672419647517,
            "acc": 0.9945664251744522
        },
        "61": {
            "loss": 0.016460185788787385,
            "acc": 0.9943441930752478
        },
        "62": {
            "loss": 0.015204649858498504,
            "acc": 0.994710876038935
        },
        "63": {
            "loss": 0.015390793428650795,
            "acc": 0.9950664473976621
        },
        "64": {
            "loss": 0.014886865494686803,
            "acc": 0.994910884928219
        },
        "65": {
            "loss": 0.015048719175783017,
            "acc": 0.9952775678919064
        },
        "66": {
            "loss": 0.01495966511174629,
            "acc": 0.995210898262145
        },
        "67": {
            "loss": 0.013838067936334979,
            "acc": 0.9955331348059914
        },
        "68": {
            "loss": 0.014299911499620066,
            "acc": 0.9952553446819858
        },
        "69": {
            "loss": 0.013686298461834667,
            "acc": 0.9953997955464687
        },
        "70": {
            "loss": 0.01329073804531204,
            "acc": 0.9956998088803947
        },
        "71": {
            "loss": 0.01324752093937191,
            "acc": 0.9957775901151162
        },
        "72": {
            "loss": 0.012437831800277556,
            "acc": 0.9960553802391218
        },
        "73": {
            "loss": 0.012575049229750139,
            "acc": 0.9958442597448776
        },
        "74": {
            "loss": 0.012507646097467594,
            "acc": 0.9961331614738432
        },
        "75": {
            "loss": 0.010373540401277833,