{
    "train": {
        "0": {
            "loss": 0.5969293326944918,
            "acc": 0.7230246389124894
        },
        "1": {
            "loss": 0.4910950419065115,
            "acc": 0.7421410365335599
        },
        "2": {
            "loss": 0.46127396660882075,
            "acc": 0.8086236193712829
        },
        "3": {
            "loss": 0.2656570540086643,
            "acc": 0.8961342395921835
        },
        "4": {
            "loss": 0.21326176822185516,
            "acc": 0.9156754460492779
        },
        "5": {
            "loss": 0.17949795904191765,
            "acc": 0.9316057774001699
        },
        "6": {
            "loss": 0.17046348649907755,
            "acc": 0.9347918436703483
        },
        "7": {
            "loss": 0.16255366177977743,
            "acc": 0.9356414613423959
        },
        "8": {
            "loss": 0.15343089180218206,
            "acc": 0.9396771452846219
        },
        "9": {
            "loss": 0.14296080826504812,
            "acc": 0.943500424808836
        },
        "10": {
            "loss": 0.13657606956926552,
            "acc": 0.9507221750212405
        },
        "11": {
            "loss": 0.12983048445469625,
            "acc": 0.9519966015293118
        },
        "12": {
            "loss": 0.133724474524324,
            "acc": 0.9458368734069669
        },
        "13": {
            "loss": 0.12656603109192205,
            "acc": 0.9517841971112999
        },
        "14": {
            "loss": 0.1178279656010705,
            "acc": 0.9579439252336449
        },
        "15": {
            "loss": 0.11652202259849857,
            "acc": 0.9573067119796091
        },
        "16": {
            "loss": 0.10820066777838243,
            "acc": 0.9592183517417162
        },
        "17": {
            "loss": 0.10991902201360948,
            "acc": 0.9587935429056924
        },
        "18": {
            "loss": 0.10747703698438567,
            "acc": 0.957731520815633
        },
        "19": {
            "loss": 0.10546831434240213,
            "acc": 0.9611299915038233
        },
        "20": {
            "loss": 0.10292155507045823,
            "acc": 0.9583687340696686
        },
        "21": {
            "loss": 0.09646610190739503,
            "acc": 0.9615548003398471
        },
        "22": {
            "loss": 0.09491635567030392,
            "acc": 0.9630416312659303
        },
        "23": {
            "loss": 0.09998379637663429,
            "acc": 0.9611299915038233
        },
        "24": {
            "loss": 0.09162488499203243,
            "acc": 0.9645284621920136
        },
        "25": {
            "loss": 0.0948850595568483,
            "acc": 0.9615548003398471
        },
        "26": {
            "loss": 0.08476164061072711,
            "acc": 0.9683517417162277
        },
        "27": {
            "loss": 0.08202950233543241,
            "acc": 0.9675021240441801
        },
        "28": {
            "loss": 0.09078678372945334,
            "acc": 0.9655904842820731
        },
        "29": {
            "loss": 0.08326293145482605,
            "acc": 0.9662276975361087
        },
        "30": {
            "loss": 0.08554691479012773,
            "acc": 0.9675021240441801
        },
        "31": {
            "loss": 0.07922473549842834,
            "acc": 0.9728122344944775
        },
        "32": {
            "loss": 0.08416405476227,
            "acc": 0.9681393372982158
        },
        "33": {
            "loss": 0.0774165064700552,
            "acc": 0.9704757858963466
        },
        "34": {
            "loss": 0.0757194139768143,
            "acc": 0.9723874256584537
        },
        "35": {
            "loss": 0.07303509544077758,
            "acc": 0.9740866610025488
        },
        "36": {
            "loss": 0.07224758014687009,
            "acc": 0.9734494477485132
        },
        "37": {
            "loss": 0.06733721952784706,
            "acc": 0.9759983007646559
        },
        "38": {
            "loss": 0.07377161005058804,
            "acc": 0.9723874256584537
        },
        "39": {
            "loss": 0.06919954822876968,
            "acc": 0.9753610875106202
        },
        "40": {
            "loss": 0.0671891420576218,
            "acc": 0.9764231096006797
        },
        "41": {
            "loss": 0.06703700731835656,
            "acc": 0.9751486830926084
        },
        "42": {
            "loss": 0.06787876472682566,
            "acc": 0.9732370433305013
        },
        "43": {
            "loss": 0.06577284830446178,
            "acc": 0.9787595581988106
        },
        "44": {
            "loss": 0.06450076476746314,
            "acc": 0.9764231096006797
        },
        "45": {
            "loss": 0.06730176946399985,
            "acc": 0.9745114698385726
        },
        "46": {
            "loss": 0.06765796234076088,
            "acc": 0.9730246389124894
        },
        "47": {
            "loss": 0.06125930731965078,
            "acc": 0.9768479184367035
        },
        "48": {
            "loss": 0.06558418052422034,
            "acc": 0.9755734919286321
        },
        "49": {
            "loss": 0.06262102360660965,
            "acc": 0.9755734919286321
        },
        "50": {
            "loss": 0.05497482225198198,
            "acc": 0.9808836023789295
        },
        "51": {
            "loss": 0.0496875159190716,
            "acc": 0.9819456244689889
        },
        "52": {
            "loss": 0.048421357254925614,
            "acc": 0.9821580288870009
        },
        "53": {
            "loss": 0.04624401775465624,
            "acc": 0.9842820730671198
        },
        "54": {
            "loss": 0.04734493122511619,
            "acc": 0.9819456244689889
        },
        "55": {
            "loss": 0.046549220896653226,
            "acc": 0.9819456244689889
        },
        "56": {
            "loss": 0.048781132677922376,
            "acc": 0.9800339847068819
        },
        "57": {
            "loss": 0.04776156905132371,
            "acc": 0.9821580288870009
        },
        "58": {
            "loss": 0.048721401826352685,
            "acc": 0.9830076465590484
        },
        "59": {
            "loss": 0.04595581301160761,
            "acc": 0.9830076465590484
        },
        "60": {
            "loss": 0.04582345868284638,
            "acc": 0.9823704333050127
        },
        "61": {
            "loss": 0.04363566523770223,
            "acc": 0.9840696686491079
        },
        "62": {
            "loss": 0.04435712864270081,
            "acc": 0.9844944774851316
        },
        "63": {
            "loss": 0.045529922168399836,
            "acc": 0.9827952421410365
        },
        "64": {
            "loss": 0.04315986557284723,
            "acc": 0.9851316907391674
        },
        "65": {
            "loss": 0.044532033337934596,
            "acc": 0.9825828377230247
        },
        "66": {
            "loss": 0.04385590190823014,
            "acc": 0.9847068819031436
        },
        "67": {
            "loss": 0.04629971791763563,
            "acc": 0.9836448598130841
        },
        "68": {
            "loss": 0.04400941442597557,
            "acc": 0.9830076465590484
        },
        "69": {
            "loss": 0.0426007215739102,
            "acc": 0.9840696686491079
        },
        "70": {
            "loss": 0.0433656291130024,
            "acc": 0.9832200509770603
        },
        "71": {
            "loss": 0.04263857238598772,
            "acc": 0.9825828377230247
        },
        "72": {
            "loss": 0.04278074587519105,
            "acc": 0.9830076465590484
        },
        "73": {
            "loss": 0.04508078350005923,
            "acc": 0.9834324553950722
        },
        "74": {
            "loss": 0.03970450220780598,
            "acc": 0.9849192863211554
        },