{
    "train": {
        "0": {
            "loss": 1.4808388203382492,
            "acc": 0.4399639983999289
        },
        "1": {
            "loss": 0.9347654855810106,
            "acc": 0.6517067425218899
        },
        "2": {
            "loss": 0.6895023543726314,
            "acc": 0.7466331836970532
        },
        "3": {
            "loss": 0.5575841129757464,
            "acc": 0.7944353082359216
        },
        "4": {
            "loss": 0.47694360342046077,
            "acc": 0.8247144317525223
        },
        "5": {
            "loss": 0.4240353124173866,
            "acc": 0.8452375661140495
        },
        "6": {
            "loss": 0.3732853227358481,
            "acc": 0.864571758744833
        },
        "7": {
            "loss": 0.33713094945282635,
            "acc": 0.8783168140806258
        },
        "8": {
            "loss": 0.3103098363763737,
            "acc": 0.8881394728654607
        },
        "9": {
            "loss": 0.2852232383183119,
            "acc": 0.8976510067114094
        },
        "10": {
            "loss": 0.2822355893863873,
            "acc": 0.900151117827459
        },
        "11": {
            "loss": 0.24412392640740357,
            "acc": 0.9131294724209965
        },
        "12": {
            "loss": 0.23400830206545917,
            "acc": 0.9163740610693809
        },
        "13": {
            "loss": 0.21616542716087264,
            "acc": 0.922629894661985
        },
        "14": {
            "loss": 0.20545812241140415,
            "acc": 0.9259300413351704
        },
        "15": {
            "loss": 0.19587877463940953,
            "acc": 0.9295635361571626
        },
        "16": {
            "loss": 0.18240191977449946,
            "acc": 0.9348859949331081
        },
        "17": {
            "loss": 0.17672628966498782,
            "acc": 0.936341615182897
        },
        "18": {
            "loss": 0.16451246059626679,
            "acc": 0.9411751633405929
        },
        "19": {
            "loss": 0.15930484824242408,
            "acc": 0.9431419174185519
        },
        "20": {
            "loss": 0.1548823559609115,
            "acc": 0.9445975376683409
        },
        "21": {
            "loss": 0.1472713741161649,
            "acc": 0.9474976665629583
        },
        "22": {
            "loss": 0.1432983868395571,
            "acc": 0.9488310591581848
        },
        "23": {
            "loss": 0.13838710728768175,
            "acc": 0.9500311124938886
        },
        "24": {
            "loss": 0.13072275830729102,
            "acc": 0.9530201342281879
        },
        "25": {
            "loss": 0.13117943703599105,
            "acc": 0.9534534868216366
        },
        "26": {
            "loss": 0.1236194877737117,
            "acc": 0.9550535579359083
        },
        "27": {
            "loss": 0.12624773528659716,
            "acc": 0.9543090804035735
        },
        "28": {
            "loss": 0.11683988947664727,
            "acc": 0.9574203297924352
        },
        "29": {
            "loss": 0.11306971475608986,
            "acc": 0.9591426285612694
        },
        "30": {
            "loss": 0.10737852264686477,
            "acc": 0.9615094004177963
        },
        "31": {
            "loss": 0.10547715699861081,
            "acc": 0.9619094181963643
        },
        "32": {
            "loss": 0.10345299670800821,
            "acc": 0.9629650206675853
        },
        "33": {
            "loss": 0.10519784507712095,
            "acc": 0.9624205520245345
        },
        "34": {
            "loss": 0.09890538083114238,
            "acc": 0.964465087337215
        },
        "35": {
            "loss": 0.12254422905706716,
            "acc": 0.9570647584337082
        },
        "36": {
            "loss": 0.102060077320361,
            "acc": 0.9630428019023067
        },
        "37": {
            "loss": 0.09274425359961408,
            "acc": 0.9660984932663674
        },
        "38": {
            "loss": 0.08894974299156191,
            "acc": 0.9678207920352015
        },
        "39": {
            "loss": 0.08443657020556698,
            "acc": 0.9698208809280412
        },
        "40": {
            "loss": 0.08427539856876881,
            "acc": 0.9698208809280412
        },
        "41": {
            "loss": 0.08158866762691601,
            "acc": 0.970365349571092
        },
        "42": {
            "loss": 0.08260462877462321,
            "acc": 0.9698542157429219
        },
        "43": {
            "loss": 0.0769306638454013,
            "acc": 0.9727210098226587
        },
        "44": {
            "loss": 0.07342661365295168,
            "acc": 0.9733210364905107
        },
        "45": {
            "loss": 0.078518683278658,
            "acc": 0.9711542735232677
        },
        "46": {
            "loss": 0.07453873628798068,
            "acc": 0.9729210187119427
        },
        "47": {
            "loss": 0.06885657049001152,
            "acc": 0.9752322325436686
        },
        "48": {
            "loss": 0.06786106759285428,
            "acc": 0.9756989199519979
        },
        "49": {
            "loss": 0.06594496334648946,
            "acc": 0.9762989466198497
        },
        "50": {
            "loss": 0.031693480056260756,
            "acc": 0.9895217565225121
        },
        "51": {
            "loss": 0.02377065522854206,
            "acc": 0.9923552157873683
        },
        "52": {
            "loss": 0.021318173068886444,
            "acc": 0.9931885861593849
        },
        "53": {
            "loss": 0.020805843199427312,
            "acc": 0.9930774701097826
        },
        "54": {
            "loss": 0.019405745954000766,
            "acc": 0.9937775012222766
        },
        "55": {
            "loss": 0.019128204468291766,
            "acc": 0.9935663807280324
        },
        "56": {
            "loss": 0.018453042820428065,
            "acc": 0.9938775056669186
        },
        "57": {
            "loss": 0.017971959273629844,
            "acc": 0.9941219609760433
        },
        "58": {
            "loss": 0.017241273733278915,
            "acc": 0.9942553002355661
        },
        "59": {
            "loss": 0.01565375180284305,
            "acc": 0.9951331170274235
        },
        "60": {
            "loss": 0.016096137348788696,
            "acc": 0.9945330903595715
        },
        "61": {
            "loss": 0.015192240520527568,
            "acc": 0.9950997822125428
        },
        "62": {
            "loss": 0.015833067248505275,
            "acc": 0.9944997555446908
        },
        "63": {
            "loss": 0.015010188627870362,
            "acc": 0.9949775545579803
        },
        "64": {
            "loss": 0.01411452144876338,
            "acc": 0.9953442375216677
        },
        "65": {
            "loss": 0.014543724753325065,
            "acc": 0.9950664473976621
        },
        "66": {
            "loss": 0.01384261052680813,
            "acc": 0.9953664607315881
        },
        "67": {
            "loss": 0.01324883950180513,
            "acc": 0.9959220409795991
        },
        "68": {
            "loss": 0.01291885506487812,
            "acc": 0.9959998222143206
        },
        "69": {
            "loss": 0.012766216263778253,
            "acc": 0.9960776034490422
        },
        "70": {
            "loss": 0.013035095923607349,
            "acc": 0.9955886928307924
        },
        "71": {
            "loss": 0.011981344601694715,
            "acc": 0.9961442730788035
        },
        "72": {
            "loss": 0.01167585895179648,
            "acc": 0.996322058758167
        },
        "73": {
            "loss": 0.012257939235248407,
            "acc": 0.9961442730788035
        },
        "74": {
            "loss": 0.010805649399530508,
            "acc": 0.9966109604871327
        },