{
    "train": {
        "0": {
            "loss": 1.8948786163871938,
            "acc": 0.2584225965598471
        },
        "1": {
            "loss": 1.20765373703431,
            "acc": 0.5345904262411663
        },
        "2": {
            "loss": 0.9267770966345613,
            "acc": 0.6486621627627894
        },
        "3": {
            "loss": 0.7804761297408153,
            "acc": 0.7090537357215876
        },
        "4": {
            "loss": 0.6962547420354729,
            "acc": 0.7407106982532558
        },
        "5": {
            "loss": 0.6371658291159705,
            "acc": 0.7633339259522646
        },
        "6": {
            "loss": 0.593542522560297,
            "acc": 0.7777123427707898
        },
        "7": {
            "loss": 0.5514265603216534,
            "acc": 0.7951686741632962
        },
        "8": {
            "loss": 0.5119155838831582,
            "acc": 0.8102804569091959
        },
        "9": {
            "loss": 0.48010187198153953,
            "acc": 0.823036579403529
        },
        "10": {
            "loss": 0.451165104708211,
            "acc": 0.8359260411573848
        },
        "11": {
            "loss": 0.42611098642969,
            "acc": 0.8440708475932264
        },
        "12": {
            "loss": 0.3987178064628758,
            "acc": 0.8545490910707143
        },
        "13": {
            "loss": 0.3823795579797165,
            "acc": 0.8609827103426819
        },
        "14": {
            "loss": 0.3670146284328604,
            "acc": 0.866982977021201
        },
        "15": {
            "loss": 0.3523539607307281,
            "acc": 0.8704164629539091
        },
        "16": {
            "loss": 0.34050018803893844,
            "acc": 0.8762722787679452
        },
        "17": {
            "loss": 0.32429164866070176,
            "acc": 0.8825392239655095
        },
        "18": {
            "loss": 0.32103169576095586,
            "acc": 0.8830614693986399
        },
        "19": {
            "loss": 0.31006060413677583,
            "acc": 0.8875950042224099
        },
        "20": {
            "loss": 0.2957504493904046,
            "acc": 0.8923729943553047
        },
        "21": {
            "loss": 0.2828738160473718,
            "acc": 0.8981732521445398
        },
        "22": {
            "loss": 0.278475029749891,
            "acc": 0.8974176630072448
        },
        "23": {
            "loss": 0.2714910004499622,
            "acc": 0.9008289257300325
        },
        "24": {
            "loss": 0.26338991217992525,
            "acc": 0.9039512867238544
        },
        "25": {
            "loss": 0.25808380875440146,
            "acc": 0.9062736121605405
        },
        "26": {
            "loss": 0.25020668626530096,
            "acc": 0.908718165251789
        },
        "27": {
            "loss": 0.24657942867964844,
            "acc": 0.9110960487132761
        },
        "28": {
            "loss": 0.2387750080617314,
            "acc": 0.914462865016223
        },
        "29": {
            "loss": 0.23671673823529008,
            "acc": 0.913962842793013
        },
        "30": {
            "loss": 0.23082014578606255,
            "acc": 0.9171740966265167
        },
        "31": {
            "loss": 0.22880165848288347,
            "acc": 0.9163740610693809
        },
        "32": {
            "loss": 0.21912019060585985,
            "acc": 0.9208298146584293
        },
        "33": {
            "loss": 0.21626636158378626,
            "acc": 0.9217076314502867
        },
        "34": {
            "loss": 0.210117289992261,
            "acc": 0.9232743677496777
        },
        "35": {
            "loss": 0.20738745056389069,
            "acc": 0.9244410862705009
        },
        "36": {
            "loss": 0.2038862490391528,
            "acc": 0.9259411529401307
        },
        "37": {
            "loss": 0.19982247790110044,
            "acc": 0.927218987510556
        },
        "38": {
            "loss": 0.1976004281208258,
            "acc": 0.927819014178408
        },
        "39": {
            "loss": 0.19454756180163135,
            "acc": 0.9295302013422819
        },
        "40": {
            "loss": 0.18799841160547326,
            "acc": 0.931552513445042
        },
        "41": {
            "loss": 0.18769113163844767,
            "acc": 0.9317080759144851
        },
        "42": {
            "loss": 0.18411012666977264,
            "acc": 0.9327636783857061
        },
        "43": {
            "loss": 0.18318810881200162,
            "acc": 0.9347415440686253
        },
        "44": {
            "loss": 0.17852180445863103,
            "acc": 0.9347859904884661
        },
        "45": {
            "loss": 0.17767994280042,
            "acc": 0.9359304857993689
        },
        "46": {
            "loss": 0.17461561106293547,
            "acc": 0.9370527579003511
        },
        "47": {
            "loss": 0.16819571325851773,
            "acc": 0.9386861638295035
        },
        "48": {
            "loss": 0.17069477210117673,
            "acc": 0.9374638872838793
        },
        "49": {
            "loss": 0.1655605231909166,
            "acc": 0.9404529090181786
        },
        "50": {
            "loss": 0.12014687367958356,
            "acc": 0.9575314458420374
        },
        "51": {
            "loss": 0.11448360950453207,
            "acc": 0.9589315080670252
        },
        "52": {
            "loss": 0.11168071562265554,
            "acc": 0.9604093515267346
        },
        "53": {
            "loss": 0.10963801098246635,
            "acc": 0.961342726343393
        },
        "54": {
            "loss": 0.10838432847231161,
            "acc": 0.9606426952308992
        },
        "55": {
            "loss": 0.10718658579042478,
            "acc": 0.9617983021467621
        },
        "56": {
            "loss": 0.10414493294824338,
            "acc": 0.9624316636294946
        },
        "57": {
            "loss": 0.10517184828164648,
            "acc": 0.9626427841237388
        },
        "58": {
            "loss": 0.1062008321592161,
            "acc": 0.9621649851104493
        },
        "59": {
            "loss": 0.10242678527984853,
            "acc": 0.9633205920263123
        },
        "60": {
            "loss": 0.10287663824552014,
            "acc": 0.9631205831370283
        },
        "61": {
            "loss": 0.1020390484429134,
            "acc": 0.9635872705453575
        },
        "62": {
            "loss": 0.10163194035306912,
            "acc": 0.963909507089204
        },
        "63": {
            "loss": 0.10093534398898059,
            "acc": 0.9637983910396017
        },
        "64": {
            "loss": 0.09955988851023986,
            "acc": 0.9645428685719365
        },
        "65": {
            "loss": 0.10014624814555811,
            "acc": 0.9636428285701587
        },
        "66": {
            "loss": 0.1008992614242743,
            "acc": 0.9640761811636073
        },
        "67": {
            "loss": 0.09926681702266003,
            "acc": 0.964665096226499
        },
        "68": {
            "loss": 0.09752601595193316,
            "acc": 0.9651984532645895
        },
        "69": {
            "loss": 0.10021118982430463,
            "acc": 0.9643095248677719
        },
        "70": {
            "loss": 0.09840509347056715,
            "acc": 0.9646317614116183
        },
        "71": {
            "loss": 0.09740284457935063,
            "acc": 0.9654873549935553
        },
        "72": {
            "loss": 0.09683668333111034,
            "acc": 0.9655984710431574
        },
        "73": {
            "loss": 0.09573866445200772,
            "acc": 0.9665985154895773
        },
        "74": {
            "loss": 0.09548750447522086,
            "acc": 0.9661429396862082
        },
        "75": {
            "loss": 0.0890539641047574,