{
    "train": {
        "0": {
            "loss": 0.6144883310472643,
            "acc": 0.6941376380628717
        },
        "1": {
            "loss": 0.5526776869554777,
            "acc": 0.7421410365335599
        },
        "2": {
            "loss": 0.48751056597039505,
            "acc": 0.7421410365335599
        },
        "3": {
            "loss": 0.41858961131121664,
            "acc": 0.8417587085811384
        },
        "4": {
            "loss": 0.32470569900564245,
            "acc": 0.8825403568394222
        },
        "5": {
            "loss": 0.2654638854232994,
            "acc": 0.9025063721325404
        },
        "6": {
            "loss": 0.1950414599599065,
            "acc": 0.9194987255734919
        },
        "7": {
            "loss": 0.177980148510353,
            "acc": 0.9296941376380629
        },
        "8": {
            "loss": 0.17455409970637914,
            "acc": 0.927357689039932
        },
        "9": {
            "loss": 0.14975319641667442,
            "acc": 0.9388275276125744
        },
        "10": {
            "loss": 0.15821477529164907,
            "acc": 0.9377655055225149
        },
        "11": {
            "loss": 0.13843616239122442,
            "acc": 0.943500424808836
        },
        "12": {
            "loss": 0.13785537352433075,
            "acc": 0.9451996601529312
        },
        "13": {
            "loss": 0.12908976363974647,
            "acc": 0.9513593882752761
        },
        "14": {
            "loss": 0.122530772879317,
            "acc": 0.9543330501274426
        },
        "15": {
            "loss": 0.11662330327404512,
            "acc": 0.9590059473237044
        },
        "16": {
            "loss": 0.11556260217283224,
            "acc": 0.9551826677994902
        },
        "17": {
            "loss": 0.11419500773017471,
            "acc": 0.9553950722175021
        },
        "18": {
            "loss": 0.11206385181159587,
            "acc": 0.9579439252336449
        },
        "19": {
            "loss": 0.10948173148003784,
            "acc": 0.9602803738317757
        },
        "20": {
            "loss": 0.10420824093995867,
            "acc": 0.9594307561597282
        },
        "21": {
            "loss": 0.105869140979406,
            "acc": 0.9592183517417162
        },
        "22": {
            "loss": 0.0991764448180392,
            "acc": 0.9643160577740016
        },
        "23": {
            "loss": 0.10105978103505599,
            "acc": 0.9621920135938827
        },
        "24": {
            "loss": 0.09268241697872007,
            "acc": 0.9670773152081563
        },
        "25": {
            "loss": 0.09247656418262301,
            "acc": 0.9653780798640612
        },
        "26": {
            "loss": 0.0940655870614825,
            "acc": 0.963678844519966
        },
        "27": {
            "loss": 0.08643075184443512,
            "acc": 0.9632540356839422
        },
        "28": {
            "loss": 0.09277152229805251,
            "acc": 0.9651656754460493
        },
        "29": {
            "loss": 0.08729663742957888,
            "acc": 0.9668649107901445
        },
        "30": {
            "loss": 0.07957495225442422,
            "acc": 0.9692013593882752
        },
        "31": {
            "loss": 0.08210810555799587,
            "acc": 0.9672897196261683
        },
        "32": {
            "loss": 0.08176068881073513,
            "acc": 0.9709005947323704
        },
        "33": {
            "loss": 0.07801911720653644,
            "acc": 0.969838572642311
        },
        "34": {
            "loss": 0.07950603740440833,
            "acc": 0.9709005947323704
        },
        "35": {
            "loss": 0.07260556237117664,
            "acc": 0.969838572642311
        },
        "36": {
            "loss": 0.07068373685753024,
            "acc": 0.9745114698385726
        },
        "37": {
            "loss": 0.07503811828792095,
            "acc": 0.969626168224299
        },
        "38": {
            "loss": 0.072678006581358,
            "acc": 0.973874256584537
        },
        "39": {
            "loss": 0.07116652584659892,
            "acc": 0.9730246389124894
        },
        "40": {
            "loss": 0.0683154980274471,
            "acc": 0.9734494477485132
        },
        "41": {
            "loss": 0.07324723078793771,
            "acc": 0.9719626168224299
        },
        "42": {
            "loss": 0.07523336316886786,
            "acc": 0.9725998300764656
        },
        "43": {
            "loss": 0.07204483630689415,
            "acc": 0.9732370433305013
        },
        "44": {
            "loss": 0.06971452913775637,
            "acc": 0.9723874256584537
        },
        "45": {
            "loss": 0.07077214212433712,
            "acc": 0.9721750212404418
        },
        "46": {
            "loss": 0.06566361947035468,
            "acc": 0.9742990654205608
        },
        "47": {
            "loss": 0.06140486100638235,
            "acc": 0.9776975361087511
        },
        "48": {
            "loss": 0.056872366273121255,
            "acc": 0.9785471537807986
        },
        "49": {
            "loss": 0.05525283611102684,
            "acc": 0.9785471537807986
        },
        "50": {
            "loss": 0.06388657484706994,
            "acc": 0.975785896346644
        },
        "51": {
            "loss": 0.0511755683786563,
            "acc": 0.9810960067969414
        },
        "52": {
            "loss": 0.0467086086251043,
            "acc": 0.9830076465590484
        },
        "53": {
            "loss": 0.04885553691938922,
            "acc": 0.9827952421410365
        },
        "54": {
            "loss": 0.04717691149562597,
            "acc": 0.9832200509770603
        },
        "55": {
            "loss": 0.05008664508224339,
            "acc": 0.9806711979609176
        },
        "56": {
            "loss": 0.046133962031957264,
            "acc": 0.9827952421410365
        },
        "57": {
            "loss": 0.048292124996314176,
            "acc": 0.9815208156329651
        },
        "58": {
            "loss": 0.05089598726732908,
            "acc": 0.9808836023789295
        },
        "59": {
            "loss": 0.04557186309751626,
            "acc": 0.9821580288870009
        },
        "60": {
            "loss": 0.048309445481848075,
            "acc": 0.9804587935429057
        },
        "61": {
            "loss": 0.044562744001883106,
            "acc": 0.9842820730671198
        },
        "62": {
            "loss": 0.045834774805887324,
            "acc": 0.9813084112149533
        },
        "63": {
            "loss": 0.04770791689185677,
            "acc": 0.9821580288870009
        },
        "64": {
            "loss": 0.04651573650236871,
            "acc": 0.9825828377230247
        },
        "65": {
            "loss": 0.04629656935513422,
            "acc": 0.9815208156329651
        },
        "66": {
            "loss": 0.04692753779425009,
            "acc": 0.9834324553950722
        },
        "67": {
            "loss": 0.04661240776044291,
            "acc": 0.9813084112149533
        },
        "68": {
            "loss": 0.04602360169126375,
            "acc": 0.9830076465590484
        },
        "69": {
            "loss": 0.04615799166463517,
            "acc": 0.9836448598130841
        },
        "70": {
            "loss": 0.04384167384154893,
            "acc": 0.9844944774851316
        },
        "71": {
            "loss": 0.04389677513894197,
            "acc": 0.9842820730671198
        },
        "72": {
            "loss": 0.04571852751227247,
            "acc": 0.9827952421410365
        },
        "73": {
            "loss": 0.0468334114632091,
            "acc": 0.9836448598130841
        },
        "74": {
            "loss": 0.043727111348227876,
            "acc": 0.9821580288870009
        },
        "75": {
            "loss": 0.04256371163284859,