{
    "train": {
        "0": {
            "loss": 0.6852535307327948,
            "acc": 0.7668
        },
        "1": {
            "loss": 0.11384899021664471,
            "acc": 0.9641
        },
        "2": {
            "loss": 0.08147259273611979,
            "acc": 0.97445
        },
        "3": {
            "loss": 0.06770809081349291,
            "acc": 0.9788333333333333
        },
        "4": {
            "loss": 0.059214056025682166,
            "acc": 0.9812166666666666
        },
        "5": {
            "loss": 0.05301371069827568,
            "acc": 0.98315
        },
        "6": {
            "loss": 0.047940515812291806,
            "acc": 0.9847333333333333
        },
        "7": {
            "loss": 0.04488026534568574,
            "acc": 0.9858166666666667
        },
        "8": {
            "loss": 0.04212314051849994,
            "acc": 0.9861666666666666
        },
        "9": {
            "loss": 0.0394731502903542,
            "acc": 0.9879
        },
        "10": {
            "loss": 0.03734347919401314,
            "acc": 0.9880666666666666
        },
        "11": {
            "loss": 0.03640089744527234,
            "acc": 0.9882333333333333
        },
        "12": {
            "loss": 0.03411752461040738,
            "acc": 0.9891
        },
        "13": {
            "loss": 0.031788029363438455,
            "acc": 0.9898666666666667
        },
        "14": {
            "loss": 0.03201079631084278,
            "acc": 0.9899833333333333
        },
        "15": {
            "loss": 0.030341432027733213,
            "acc": 0.9900833333333333
        },
        "16": {
            "loss": 0.031030505895366402,
            "acc": 0.9897333333333334
        },
        "17": {
            "loss": 0.029289056492874076,
            "acc": 0.9906166666666667
        },
        "18": {
            "loss": 0.028726153971025667,
            "acc": 0.991
        },
        "19": {
            "loss": 0.026800295391153774,
            "acc": 0.9912833333333333
        },
        "20": {
            "loss": 0.025455645078779267,
            "acc": 0.99145
        },
        "21": {
            "loss": 0.024870632685470715,
            "acc": 0.9917833333333334
        },
        "22": {
            "loss": 0.02408748247493396,
            "acc": 0.9919166666666667
        },
        "23": {
            "loss": 0.02378089936399983,
            "acc": 0.99235
        },
        "24": {
            "loss": 0.023696474785204612,
            "acc": 0.9920833333333333
        },
        "25": {
            "loss": 0.02326842000125163,
            "acc": 0.9924
        },
        "26": {
            "loss": 0.021433652418706296,
            "acc": 0.9928833333333333
        },
        "27": {
            "loss": 0.020347585227823994,
            "acc": 0.9930166666666667
        },
        "28": {
            "loss": 0.020937210529112318,
            "acc": 0.9931666666666666
        },
        "29": {
            "loss": 0.02004791910090903,
            "acc": 0.9936
        },
        "30": {
            "loss": 0.01965510335240537,
            "acc": 0.9934833333333334
        },
        "31": {
            "loss": 0.01991029567013719,
            "acc": 0.9932166666666666
        },
        "32": {
            "loss": 0.018500408920052863,
            "acc": 0.9939
        },
        "33": {
            "loss": 0.018170852918174864,
            "acc": 0.9942
        },
        "34": {
            "loss": 0.018144393113376234,
            "acc": 0.9939
        },
        "35": {
            "loss": 0.017637166189746426,
            "acc": 0.9939333333333333
        },
        "36": {
            "loss": 0.017462310489333634,
            "acc": 0.9942666666666666
        },
        "37": {
            "loss": 0.016707378762353686,
            "acc": 0.99425
        },
        "38": {
            "loss": 0.017455433696277067,
            "acc": 0.9945666666666667
        },
        "39": {
            "loss": 0.016061403713787774,
            "acc": 0.99485
        },
        "40": {
            "loss": 0.015644752644814117,
            "acc": 0.99435
        },
        "41": {
            "loss": 0.015202772379582272,
            "acc": 0.9951666666666666
        },
        "42": {
            "loss": 0.015487197496524172,
            "acc": 0.9950166666666667
        },
        "43": {
            "loss": 0.014441407476108758,
            "acc": 0.9952333333333333
        },
        "44": {
            "loss": 0.014766566910414097,
            "acc": 0.9952833333333333
        },
        "45": {
            "loss": 0.014505287299761976,
            "acc": 0.9948666666666667
        },
        "46": {
            "loss": 0.013559004212585666,
            "acc": 0.9953333333333333
        },
        "47": {
            "loss": 0.01413200583201828,
            "acc": 0.9954
        },
        "48": {
            "loss": 0.013071679752284059,
            "acc": 0.9956666666666667
        },
        "49": {
            "loss": 0.012830309489412285,
            "acc": 0.9954833333333334
        },
        "50": {
            "loss": 0.009222784792220762,
            "acc": 0.9968166666666667
        },
        "51": {
            "loss": 0.008438295625088894,
            "acc": 0.9973833333333333
        },
        "52": {
            "loss": 0.007853105378986052,
            "acc": 0.9974
        },
        "53": {
            "loss": 0.007070559487676373,
            "acc": 0.99775
        },
        "54": {
            "loss": 0.007057702128734709,
            "acc": 0.9977666666666667
        },
        "55": {
            "loss": 0.00749452170115205,
            "acc": 0.9976166666666667
        },
        "56": {
            "loss": 0.006316159466362949,
            "acc": 0.9981
        },
        "57": {
            "loss": 0.006895717915218534,
            "acc": 0.9978166666666667
        },
        "58": {
            "loss": 0.0067158448749016705,
            "acc": 0.99775
        },
        "59": {
            "loss": 0.006744092734765012,
            "acc": 0.99795
        },
        "60": {
            "loss": 0.00632974025651888,
            "acc": 0.9980666666666667
        },
        "61": {
            "loss": 0.006479595836784655,
            "acc": 0.9979333333333333
        },
        "62": {
            "loss": 0.0062216920174669715,
            "acc": 0.9979833333333333
        },
        "63": {
            "loss": 0.006125602123245268,
            "acc": 0.9980666666666667
        },
        "64": {
            "loss": 0.006311902977364658,
            "acc": 0.9978666666666667
        },
        "65": {
            "loss": 0.006098089275198049,
            "acc": 0.9980666666666667
        },
        "66": {
            "loss": 0.00587647951601236,
            "acc": 0.9981333333333333
        },
        "67": {
            "loss": 0.005556551607085893,
            "acc": 0.99825
        },
        "68": {
            "loss": 0.006169484281807076,
            "acc": 0.9979166666666667
        },
        "69": {
            "loss": 0.006151868544625,
            "acc": 0.9979333333333333
        },
        "70": {
            "loss": 0.005928412959302169,
            "acc": 0.9980833333333333
        },
        "71": {
            "loss": 0.00576439502662258,
            "acc": 0.9979833333333333
        },
        "72": {
            "loss": 0.005932529709369033,
            "acc": 0.9981666666666666
        },
        "73": {
            "loss": 0.005416803903599604,
            "acc": 0.9983166666666666
        },
        "74": {
            "loss": 0.00557032621800938,
            "acc": 0.99825
        },
        "75": {
            "loss": 0.0055343986418198,
            "acc": 0.9982833333333333
        },
        "76": {
            "loss": 0.005417360456704046,
            "acc": 0.99835
        },
        "77": {
            "loss": 0.005309249500708735,