{
    "train": {
        "0": {
            "loss": 1.4859418977390637,
            "acc": 0.4373638828392373
        },
        "1": {
            "loss": 0.9980876958844337,
            "acc": 0.6246388728387928
        },
        "2": {
            "loss": 0.7707028773359277,
            "acc": 0.7142206320280902
        },
        "3": {
            "loss": 0.630525965793905,
            "acc": 0.7647784345970932
        },
        "4": {
            "loss": 0.5446184415857054,
            "acc": 0.7979132405884706
        },
        "5": {
            "loss": 0.47623023073273624,
            "acc": 0.8240032890350683
        },
        "6": {
            "loss": 0.43727709488435224,
            "acc": 0.8409040401795635
        },
        "7": {
            "loss": 0.39051297175782645,
            "acc": 0.8573825503355704
        },
        "8": {
            "loss": 0.35319333915090695,
            "acc": 0.8713942841904084
        },
        "9": {
            "loss": 0.32731642574071884,
            "acc": 0.8810169340859594
        },
        "10": {
            "loss": 0.3066096189431846,
            "acc": 0.8899839992888573
        },
        "11": {
            "loss": 0.2809026574673639,
            "acc": 0.8980399128850172
        },
        "12": {
            "loss": 0.2625281627776779,
            "acc": 0.9045846482065869
        },
        "13": {
            "loss": 0.24364654150188222,
            "acc": 0.9121849859993777
        },
        "14": {
            "loss": 0.22921224930111997,
            "acc": 0.9174296635406018
        },
        "15": {
            "loss": 0.2224400406597521,
            "acc": 0.9200964487310547
        },
        "16": {
            "loss": 0.2144228593784977,
            "acc": 0.9222854349082181
        },
        "17": {
            "loss": 0.19585574871267786,
            "acc": 0.9300302235654918
        },
        "18": {
            "loss": 0.1883478325643492,
            "acc": 0.9321636517178541
        },
        "19": {
            "loss": 0.18024294408546251,
            "acc": 0.935941597404329
        },
        "20": {
            "loss": 0.185013713050549,
            "acc": 0.9335859371527624
        },
        "21": {
            "loss": 0.16659465766067363,
            "acc": 0.9407862571669852
        },
        "22": {
            "loss": 0.15976957696892152,
            "acc": 0.9419974221076493
        },
        "23": {
            "loss": 0.15032686865676873,
            "acc": 0.9460531579181297
        },
        "24": {
            "loss": 0.1469475642767396,
            "acc": 0.947230988043913
        },
        "25": {
            "loss": 0.14417319462782788,
            "acc": 0.9482310324903329
        },
        "26": {
            "loss": 0.14503548425008458,
            "acc": 0.9483754833548158
        },
        "27": {
            "loss": 0.136780764807058,
            "acc": 0.950553357927019
        },
        "28": {
            "loss": 0.12997649462142197,
            "acc": 0.9539535090448464
        },
        "29": {
            "loss": 0.1278122745782391,
            "acc": 0.9543535268234143
        },
        "30": {
            "loss": 0.12456278120887211,
            "acc": 0.9551313391706298
        },
        "31": {
            "loss": 0.11774305838943375,
            "acc": 0.9573981065825148
        },
        "32": {
            "loss": 0.11271283329088791,
            "acc": 0.9594870883150363
        },
        "33": {
            "loss": 0.1113988538484343,
            "acc": 0.9591759633761501
        },
        "34": {
            "loss": 0.10712282397435047,
            "acc": 0.9611649406640295
        },
        "35": {
            "loss": 0.10444189197666921,
            "acc": 0.9629650206675853
        },
        "36": {
            "loss": 0.10155579916317947,
            "acc": 0.9633983732610338
        },
        "37": {
            "loss": 0.10104756746229461,
            "acc": 0.9634983777056758
        },
        "38": {
            "loss": 0.09837428850534541,
            "acc": 0.9641984088181696
        },
        "39": {
            "loss": 0.09520577168653042,
            "acc": 0.9652206764745099
        },
        "40": {
            "loss": 0.09473539391844744,
            "acc": 0.9656318058580381
        },
        "41": {
            "loss": 0.09726045960798563,
            "acc": 0.9651095604249078
        },
        "42": {
            "loss": 0.08848857400880661,
            "acc": 0.9683208142584114
        },
        "43": {
            "loss": 0.08458010762776459,
            "acc": 0.9696319836437175
        },
        "44": {
            "loss": 0.08517751939044418,
            "acc": 0.9689319525312237
        },
        "45": {
            "loss": 0.08255838271526789,
            "acc": 0.9709431530290236
        },
        "46": {
            "loss": 0.0815884916109181,
            "acc": 0.9704097959909329
        },
        "47": {
            "loss": 0.07953210182842502,
            "acc": 0.9707542557446998
        },
        "48": {
            "loss": 0.07866887997608335,
            "acc": 0.9710987154984666
        },
        "49": {
            "loss": 0.07476111836149357,
            "acc": 0.9729543535268235
        },
        "50": {
            "loss": 0.03875313330122894,
            "acc": 0.9869771989866216
        },
        "51": {
            "loss": 0.03148090383679532,
            "acc": 0.9897773234365972
        },
        "52": {
            "loss": 0.029535534229746026,
            "acc": 0.9904329081292502
        },
        "53": {
            "loss": 0.0287772742006134,
            "acc": 0.990577358993733
        },
        "54": {
            "loss": 0.026805863282788778,
            "acc": 0.9910996044268634
        },
        "55": {
            "loss": 0.025853622614952408,
            "acc": 0.9916774078847949
        },
        "56": {
            "loss": 0.02551921061140919,
            "acc": 0.9914440641806302
        },
        "57": {
            "loss": 0.02469298678790272,
            "acc": 0.9916774078847949
        },
        "58": {
            "loss": 0.024763862382893752,
            "acc": 0.9917996355393573
        },
        "59": {
            "loss": 0.024394908990307777,
            "acc": 0.9918663051691187
        },
        "60": {
            "loss": 0.023658410420115284,
            "acc": 0.9921552068980843
        },
        "61": {
            "loss": 0.022143103432840275,
            "acc": 0.9923441041824081
        },
        "62": {
            "loss": 0.021961255029302927,
            "acc": 0.9926663407262545
        },
        "63": {
            "loss": 0.021919615683931293,
            "acc": 0.9926663407262545
        },
        "64": {
            "loss": 0.02212696500596807,
            "acc": 0.9925441130716921
        },
        "65": {
            "loss": 0.020866993904994822,
            "acc": 0.993144139739544
        },
        "66": {
            "loss": 0.020591406937621123,
            "acc": 0.993099693319703
        },
        "67": {
            "loss": 0.01970529315076419,
            "acc": 0.9934774878883506
        },
        "68": {
            "loss": 0.02011742104696168,
            "acc": 0.9931996977643451
        },
        "69": {
            "loss": 0.02012197631665913,
            "acc": 0.9930108004800213
        },
        "70": {
            "loss": 0.019434819268114592,
            "acc": 0.9934108182585892
        },
        "71": {
            "loss": 0.018617756180571054,
            "acc": 0.9938552824569981
        },
        "72": {
            "loss": 0.018696947831234535,
            "acc": 0.9937886128272367
        },
        "73": {
            "loss": 0.01906518239494207,
            "acc": 0.9937775012222766
        },
        "74": {
            "loss": 0.01857892635284357,
            "acc": 0.994055291346282
        },
        "75": {
            "loss": 0.015827062972634434,