{
    "train": {
        "0": {
            "loss": 1.5277879076417198,
            "acc": 0.41684074847771013
        },
        "1": {
            "loss": 0.9704127386212349,
            "acc": 0.6339948442152985
        },
        "2": {
            "loss": 0.7189686179838397,
            "acc": 0.7347437663896174
        },
        "3": {
            "loss": 0.584219025215134,
            "acc": 0.7834570425352237
        },
        "4": {
            "loss": 0.49714841884137556,
            "acc": 0.8167029645762034
        },
        "5": {
            "loss": 0.4291373530656777,
            "acc": 0.8436708298146585
        },
        "6": {
            "loss": 0.3871670993764631,
            "acc": 0.8584603760167119
        },
        "7": {
            "loss": 0.33852234485940164,
            "acc": 0.8775945597582114
        },
        "8": {
            "loss": 0.30679732421413064,
            "acc": 0.8885839370638695
        },
        "9": {
            "loss": 0.2835392957680266,
            "acc": 0.8974732210320459
        },
        "10": {
            "loss": 0.26520679193675856,
            "acc": 0.9035401573403262
        },
        "11": {
            "loss": 0.24141430160538715,
            "acc": 0.912751677852349
        },
        "12": {
            "loss": 0.2302508339158852,
            "acc": 0.9168629716876305
        },
        "13": {
            "loss": 0.2107752397529442,
            "acc": 0.9240855149117738
        },
        "14": {
            "loss": 0.19955123112198303,
            "acc": 0.9279523534379306
        },
        "15": {
            "loss": 0.1981774010399187,
            "acc": 0.9290746255389128
        },
        "16": {
            "loss": 0.18170419511046598,
            "acc": 0.934574869994222
        },
        "17": {
            "loss": 0.17201151931658387,
            "acc": 0.9383972621005378
        },
        "18": {
            "loss": 0.16556724563071673,
            "acc": 0.9411196053157919
        },
        "19": {
            "loss": 0.1572369192779826,
            "acc": 0.9426085603804614
        },
        "20": {
            "loss": 0.15086374214892698,
            "acc": 0.9459642650784479
        },
        "21": {
            "loss": 0.14460366474205247,
            "acc": 0.9475643361927196
        },
        "22": {
            "loss": 0.13850166094066066,
            "acc": 0.9504311302724565
        },
        "23": {
            "loss": 0.1334193199396726,
            "acc": 0.9508867060758256
        },
        "24": {
            "loss": 0.13018532973100347,
            "acc": 0.953175696697631
        },
        "25": {
            "loss": 0.12511452100112697,
            "acc": 0.9545535357126983
        },
        "26": {
            "loss": 0.11674832307670097,
            "acc": 0.9573981065825148
        },
        "27": {
            "loss": 0.11543302154380151,
            "acc": 0.9585092670785368
        },
        "28": {
            "loss": 0.11253403406854803,
            "acc": 0.9597093204142406
        },
        "29": {
            "loss": 0.11064637092204066,
            "acc": 0.9600093337481665
        },
        "30": {
            "loss": 0.10370771315782887,
            "acc": 0.9628650162229433
        },
        "31": {
            "loss": 0.0994920431284382,
            "acc": 0.9638539490644029
        },
        "32": {
            "loss": 0.09850892900034193,
            "acc": 0.9642873016578515
        },
        "33": {
            "loss": 0.09504885635264641,
            "acc": 0.9661096048713276
        },
        "34": {
            "loss": 0.09313424968621059,
            "acc": 0.966531845859816
        },
        "35": {
            "loss": 0.09252956427305682,
            "acc": 0.9668096359838215
        },
        "36": {
            "loss": 0.08731871956512226,
            "acc": 0.9688097248766612
        },
        "37": {
            "loss": 0.08366715183927392,
            "acc": 0.9696875416685186
        },
        "38": {
            "loss": 0.08221699378472377,
            "acc": 0.9703764611760523
        },
        "39": {
            "loss": 0.08345357683587777,
            "acc": 0.9700542246322059
        },
        "40": {
            "loss": 0.07662913694565016,
            "acc": 0.9723209920440908
        },
        "41": {
            "loss": 0.07746024810132274,
            "acc": 0.9721320947597671
        },
        "42": {
            "loss": 0.07401848744616886,
            "acc": 0.972887683897062
        },
        "43": {
            "loss": 0.07792573949502019,
            "acc": 0.9718431930308014
        },
        "44": {
            "loss": 0.07354565903634383,
            "acc": 0.9740877372327659
        },
        "45": {
            "loss": 0.07215688400769564,
            "acc": 0.9738099471087603
        },
        "46": {
            "loss": 0.06676530647118026,
            "acc": 0.9758211476065602
        },
        "47": {
            "loss": 0.06769506637647282,
            "acc": 0.9756655851371172
        },
        "48": {
            "loss": 0.06537834123181793,
            "acc": 0.9758767056313614
        },
        "49": {
            "loss": 0.06099838439827594,
            "acc": 0.9776767856349171
        },
        "50": {
            "loss": 0.027714928956398086,
            "acc": 0.9911329392417441
        },
        "51": {
            "loss": 0.02239744333631031,
            "acc": 0.9927218987510557
        },
        "52": {
            "loss": 0.02095727538901635,
            "acc": 0.9932997022089871
        },
        "53": {
            "loss": 0.018681078030071643,
            "acc": 0.9941775190008445
        },
        "54": {
            "loss": 0.018882490913463036,
            "acc": 0.9940997377661229
        },
        "55": {
            "loss": 0.017972051010226343,
            "acc": 0.9940330681363616
        },
        "56": {
            "loss": 0.017869594026375456,
            "acc": 0.9941886306058048
        },
        "57": {
            "loss": 0.017127319645127995,
            "acc": 0.9944219743099694
        },
        "58": {
            "loss": 0.016777533216306685,
            "acc": 0.9944664207298102
        },
        "59": {
            "loss": 0.016986823378333196,
            "acc": 0.9943775278901285
        },
        "60": {
            "loss": 0.01614183418661758,
            "acc": 0.9947330992488556
        },
        "61": {
            "loss": 0.015190096491840615,
            "acc": 0.9949886661629406
        },
        "62": {
            "loss": 0.014576118221984043,
            "acc": 0.9952664562869461
        },
        "63": {
            "loss": 0.01425139636070195,
            "acc": 0.995110893817503
        },
        "64": {
            "loss": 0.01444055991859469,
            "acc": 0.9953775723365483
        },
        "65": {
            "loss": 0.013739798455276286,
            "acc": 0.9952553446819858
        },
        "66": {
            "loss": 0.012916444145792577,
            "acc": 0.9959442641895195
        },
        "67": {
            "loss": 0.013156560519971354,
            "acc": 0.9957331436952753
        },
        "68": {
            "loss": 0.013437361713592756,
            "acc": 0.9955886928307924
        },
        "69": {
            "loss": 0.012875221365179228,
            "acc": 0.9958442597448776
        },
        "70": {
            "loss": 0.012129683723949049,
            "acc": 0.9960442686341615
        },
        "71": {
            "loss": 0.012764376600319916,
            "acc": 0.9959664873994399
        },
        "72": {
            "loss": 0.011986043336533343,
            "acc": 0.9961998311036045
        },
        "73": {
            "loss": 0.01202668894455366,
            "acc": 0.9960998266589626
        },
        "74": {
            "loss": 0.011636526956160444,
            "acc": 0.9962109427085648
        },