{
    "train": {
        "0": {
            "loss": 0.6165436167974729,
            "acc": 0.7132540356839422
        },
        "1": {
            "loss": 0.5713124726269696,
            "acc": 0.7421410365335599
        },
        "2": {
            "loss": 0.5707199364095121,
            "acc": 0.7421410365335599
        },
        "3": {
            "loss": 0.5706408233255953,
            "acc": 0.7421410365335599
        },
        "4": {
            "loss": 0.5703851435635541,
            "acc": 0.7421410365335599
        },
        "5": {
            "loss": 0.5704544259084238,
            "acc": 0.7421410365335599
        },
        "6": {
            "loss": 0.5701033489124195,
            "acc": 0.7421410365335599
        },
        "7": {
            "loss": 0.570408009194039,
            "acc": 0.7421410365335599
        },
        "8": {
            "loss": 0.5684561221986204,
            "acc": 0.7421410365335599
        },
        "9": {
            "loss": 0.5672824898281613,
            "acc": 0.7421410365335599
        },
        "10": {
            "loss": 0.565662285766086,
            "acc": 0.7421410365335599
        },
        "11": {
            "loss": 0.5603331754336486,
            "acc": 0.7421410365335599
        },
        "12": {
            "loss": 0.5456683007446496,
            "acc": 0.7421410365335599
        },
        "13": {
            "loss": 0.5021096484081166,
            "acc": 0.7421410365335599
        },
        "14": {
            "loss": 0.38870082191518834,
            "acc": 0.7784621920135939
        },
        "15": {
            "loss": 0.2803061813921542,
            "acc": 0.8853016142735769
        },
        "16": {
            "loss": 0.2520338502284643,
            "acc": 0.8978334749362786
        },
        "17": {
            "loss": 0.20210643354299906,
            "acc": 0.921410365335599
        },
        "18": {
            "loss": 0.18338293541927594,
            "acc": 0.927570093457944
        },
        "19": {
            "loss": 0.1821719794660001,
            "acc": 0.9269328802039083
        },
        "20": {
            "loss": 0.1703252198325621,
            "acc": 0.9373406966864911
        },
        "21": {
            "loss": 0.1520448639183431,
            "acc": 0.9396771452846219
        },
        "22": {
            "loss": 0.14867710583918803,
            "acc": 0.9432880203908242
        },
        "23": {
            "loss": 0.16370625270379557,
            "acc": 0.9313933729821581
        },
        "24": {
            "loss": 0.13841246370528196,
            "acc": 0.9426508071367884
        },
        "25": {
            "loss": 0.14559843149539586,
            "acc": 0.9415887850467289
        },
        "26": {
            "loss": 0.13395161443465464,
            "acc": 0.9492353440951572
        },
        "27": {
            "loss": 0.13723434890444214,
            "acc": 0.9473237043330501
        },
        "28": {
            "loss": 0.13618971991377907,
            "acc": 0.9481733220050977
        },
        "29": {
            "loss": 0.1366141682138314,
            "acc": 0.9481733220050977
        },
        "30": {
            "loss": 0.129657201166894,
            "acc": 0.9509345794392523
        },
        "31": {
            "loss": 0.12691225881713467,
            "acc": 0.9513593882752761
        },
        "32": {
            "loss": 0.13099482262859474,
            "acc": 0.9477485131690739
        },
        "33": {
            "loss": 0.12507598847150803,
            "acc": 0.9488105352591334
        },
        "34": {
            "loss": 0.11862950329039548,
            "acc": 0.9549702633814783
        },
        "35": {
            "loss": 0.12080824415425996,
            "acc": 0.9522090059473237
        },
        "36": {
            "loss": 0.12785344842720675,
            "acc": 0.9498725573491928
        },
        "37": {
            "loss": 0.11926094140555407,
            "acc": 0.9543330501274426
        },
        "38": {
            "loss": 0.11190854949322906,
            "acc": 0.9528462192013594
        },
        "39": {
            "loss": 0.11913746152375196,
            "acc": 0.9530586236193713
        },
        "40": {
            "loss": 0.11066120248791333,
            "acc": 0.9583687340696686
        },
        "41": {
            "loss": 0.11532120970455376,
            "acc": 0.9575191163976211
        },
        "42": {
            "loss": 0.10832481539329968,
            "acc": 0.9587935429056924
        },
        "43": {
            "loss": 0.11446367908973952,
            "acc": 0.9590059473237044
        },
        "44": {
            "loss": 0.11419314307135504,
            "acc": 0.9511469838572643
        },
        "45": {
            "loss": 0.11166118004837551,
            "acc": 0.9562446898895497
        },
        "46": {
            "loss": 0.10855468120929357,
            "acc": 0.9585811384876806
        },
        "47": {
            "loss": 0.10430414103777022,
            "acc": 0.9609175870858114
        },
        "48": {
            "loss": 0.105049504168533,
            "acc": 0.9587935429056924
        },
        "49": {
            "loss": 0.10624661387221233,
            "acc": 0.9604927782497876
        },
        "50": {
            "loss": 0.09954848392186938,
            "acc": 0.963678844519966
        },
        "51": {
            "loss": 0.10018453948401115,
            "acc": 0.9621920135938827
        },
        "52": {
            "loss": 0.09368208866264369,
            "acc": 0.9641036533559898
        },
        "53": {
            "loss": 0.09528852057819431,
            "acc": 0.9653780798640612
        },
        "54": {
            "loss": 0.09389233649582476,
            "acc": 0.9643160577740016
        },
        "55": {
            "loss": 0.09423531209294861,
            "acc": 0.9641036533559898
        },
        "56": {
            "loss": 0.09266599559703388,
            "acc": 0.965802888700085
        },
        "57": {
            "loss": 0.08768077063802127,
            "acc": 0.9668649107901445
        },
        "58": {
            "loss": 0.0914741197751986,
            "acc": 0.9641036533559898
        },
        "59": {
            "loss": 0.09271406573621002,
            "acc": 0.9628292268479184
        },
        "60": {
            "loss": 0.08978929632418864,
            "acc": 0.9641036533559898
        },
        "61": {
            "loss": 0.09341289968909444,
            "acc": 0.9634664401019541
        },
        "62": {
            "loss": 0.09018987588383057,
            "acc": 0.9649532710280374
        },
        "63": {
            "loss": 0.08737590873764979,
            "acc": 0.9670773152081563
        },
        "64": {
            "loss": 0.087069071829319,
            "acc": 0.9645284621920136
        },
        "65": {
            "loss": 0.0912829782511737,
            "acc": 0.9624044180118947
        },
        "66": {
            "loss": 0.09387307916138624,
            "acc": 0.9632540356839422
        },
        "67": {
            "loss": 0.0897478780935745,
            "acc": 0.9651656754460493
        },
        "68": {
            "loss": 0.08943486958742142,
            "acc": 0.965802888700085
        },
        "69": {
            "loss": 0.09108718937715969,
            "acc": 0.9662276975361087
        },
        "70": {
            "loss": 0.08696849241450026,
            "acc": 0.967714528462192
        },
        "71": {
            "loss": 0.0887006061101282,
            "acc": 0.9666525063721325
        },
        "72": {
            "loss": 0.09030209844176834,
            "acc": 0.965802888700085
        },
        "73": {
            "loss": 0.08808008057845605,
            "acc": 0.9666525063721325
        },
        "74": {
            "loss": 0.08960157894604914,
            "acc": 0.9655904842820731
        },
        "75": {
            "loss": 0.08974720049347426,