{
    "train": {
        "0": {
            "loss": 0.6035368297551129,
            "acc": 0.7421410365335599
        },
        "1": {
            "loss": 0.5538040101528168,
            "acc": 0.7421410365335599
        },
        "2": {
            "loss": 0.48876483295414896,
            "acc": 0.7421410365335599
        },
        "3": {
            "loss": 0.4285255146993173,
            "acc": 0.7703908241291418
        },
        "4": {
            "loss": 0.3427860523397858,
            "acc": 0.8704333050127443
        },
        "5": {
            "loss": 0.25483921653515584,
            "acc": 0.907179269328802
        },
        "6": {
            "loss": 0.20452319367511854,
            "acc": 0.9158878504672897
        },
        "7": {
            "loss": 0.1828401048441191,
            "acc": 0.9290569243840272
        },
        "8": {
            "loss": 0.17366399515319514,
            "acc": 0.9296941376380629
        },
        "9": {
            "loss": 0.16135365626699216,
            "acc": 0.9403143585386576
        },
        "10": {
            "loss": 0.16090526190158483,
            "acc": 0.93946474086661
        },
        "11": {
            "loss": 0.14952786911178279,
            "acc": 0.9441376380628717
        },
        "12": {
            "loss": 0.14510434241713704,
            "acc": 0.9418011894647409
        },
        "13": {
            "loss": 0.13263963424676173,
            "acc": 0.9500849617672048
        },
        "14": {
            "loss": 0.13154409886211962,
            "acc": 0.9492353440951572
        },
        "15": {
            "loss": 0.1264591359004781,
            "acc": 0.9502973661852167
        },
        "16": {
            "loss": 0.12786196856885343,
            "acc": 0.9530586236193713
        },
        "17": {
            "loss": 0.11561561728248725,
            "acc": 0.9551826677994902
        },
        "18": {
            "loss": 0.12189994440288157,
            "acc": 0.953483432455395
        },
        "19": {
            "loss": 0.11827069379993387,
            "acc": 0.9558198810535259
        },
        "20": {
            "loss": 0.11103994218078819,
            "acc": 0.9570943075615973
        },
        "21": {
            "loss": 0.11536330669312864,
            "acc": 0.9539082412914188
        },
        "22": {
            "loss": 0.10537278934105022,
            "acc": 0.9587935429056924
        },
        "23": {
            "loss": 0.1024732566061052,
            "acc": 0.9604927782497876
        },
        "24": {
            "loss": 0.10864552845423286,
            "acc": 0.9573067119796091
        },
        "25": {
            "loss": 0.10233049467206001,
            "acc": 0.9632540356839422
        },
        "26": {
            "loss": 0.09928720071911812,
            "acc": 0.963891248937978
        },
        "27": {
            "loss": 0.09885383346999013,
            "acc": 0.9630416312659303
        },
        "28": {
            "loss": 0.09724803520618258,
            "acc": 0.9653780798640612
        },
        "29": {
            "loss": 0.09443925960442505,
            "acc": 0.9649532710280374
        },
        "30": {
            "loss": 0.0940227472298854,
            "acc": 0.9645284621920136
        },
        "31": {
            "loss": 0.0951035196918088,
            "acc": 0.9645284621920136
        },
        "32": {
            "loss": 0.09573234798940453,
            "acc": 0.9630416312659303
        },
        "33": {
            "loss": 0.08936170327502328,
            "acc": 0.9664401019541207
        },
        "34": {
            "loss": 0.09185561416922389,
            "acc": 0.963891248937978
        },
        "35": {
            "loss": 0.0857329930405359,
            "acc": 0.9685641461342396
        },
        "36": {
            "loss": 0.08261260350008269,
            "acc": 0.9689889549702634
        },
        "37": {
            "loss": 0.0936291781631676,
            "acc": 0.9641036533559898
        },
        "38": {
            "loss": 0.08521576094869021,
            "acc": 0.9679269328802039
        },
        "39": {
            "loss": 0.08098514136430379,
            "acc": 0.969838572642311
        },
        "40": {
            "loss": 0.0819279695986896,
            "acc": 0.9666525063721325
        },
        "41": {
            "loss": 0.08065128266005903,
            "acc": 0.9704757858963466
        },
        "42": {
            "loss": 0.07764723151922226,
            "acc": 0.9717502124044181
        },
        "43": {
            "loss": 0.08158305649821823,
            "acc": 0.9692013593882752
        },
        "44": {
            "loss": 0.0783887160186832,
            "acc": 0.9723874256584537
        },
        "45": {
            "loss": 0.07974170259124524,
            "acc": 0.969838572642311
        },
        "46": {
            "loss": 0.07781143939575634,
            "acc": 0.969838572642311
        },
        "47": {
            "loss": 0.0775667123395849,
            "acc": 0.9719626168224299
        },
        "48": {
            "loss": 0.07412845238640502,
            "acc": 0.9717502124044181
        },
        "49": {
            "loss": 0.07086665329296847,
            "acc": 0.9715378079864061
        },
        "50": {
            "loss": 0.0649443513940315,
            "acc": 0.975785896346644
        },
        "51": {
            "loss": 0.0625274473851597,
            "acc": 0.9753610875106202
        },
        "52": {
            "loss": 0.06260357147737129,
            "acc": 0.9772727272727273
        },
        "53": {
            "loss": 0.0634752792381757,
            "acc": 0.9759983007646559
        },
        "54": {
            "loss": 0.060371530947048925,
            "acc": 0.9776975361087511
        },
        "55": {
            "loss": 0.06116297362825355,
            "acc": 0.9776975361087511
        },
        "56": {
            "loss": 0.06125202321925679,
            "acc": 0.975785896346644
        },
        "57": {
            "loss": 0.061607212533016466,
            "acc": 0.9768479184367035
        },
        "58": {
            "loss": 0.0595286116255699,
            "acc": 0.9787595581988106
        },
        "59": {
            "loss": 0.059106099696175474,
            "acc": 0.9800339847068819
        },
        "60": {
            "loss": 0.05829170107136707,
            "acc": 0.9766355140186916
        },
        "61": {
            "loss": 0.05906751469985859,
            "acc": 0.9768479184367035
        },
        "62": {
            "loss": 0.061196965039581865,
            "acc": 0.9753610875106202
        },
        "63": {
            "loss": 0.06210484103979291,
            "acc": 0.9781223449447749
        },
        "64": {
            "loss": 0.057964825650324694,
            "acc": 0.9776975361087511
        },
        "65": {
            "loss": 0.05817613901721465,
            "acc": 0.9781223449447749
        },
        "66": {
            "loss": 0.05845381641710127,
            "acc": 0.9791843670348344
        },
        "67": {
            "loss": 0.058349528224081605,
            "acc": 0.9774851316907391
        },
        "68": {
            "loss": 0.05836178478155587,
            "acc": 0.9785471537807986
        },
        "69": {
            "loss": 0.05612831160023406,
            "acc": 0.9781223449447749
        },
        "70": {
            "loss": 0.05693502125103731,
            "acc": 0.97982158028887
        },
        "71": {
            "loss": 0.05850618800802811,
            "acc": 0.9762107051826678
        },
        "72": {
            "loss": 0.05577324376114317,
            "acc": 0.9785471537807986
        },
        "73": {
            "loss": 0.05457582631828012,
            "acc": 0.9802463891248938
        },
        "74": {
            "loss": 0.058810214235170466,
            "acc": 0.9772727272727273
        },
        "75": {
            "loss": 0.05260330096289918,