{
    "train": {
        "0": {
            "loss": 1.5536250995302743,
            "acc": 0.41022934352637896
        },
        "1": {
            "loss": 1.0185240515592424,
            "acc": 0.6171274278856838
        },
        "2": {
            "loss": 0.7891850910064849,
            "acc": 0.7057869238632828
        },
        "3": {
            "loss": 0.6455183629454537,
            "acc": 0.7617338548379928
        },
        "4": {
            "loss": 0.5438709432597865,
            "acc": 0.8005578025690031
        },
        "5": {
            "loss": 0.4719506158197129,
            "acc": 0.828381261389395
        },
        "6": {
            "loss": 0.4295723683581772,
            "acc": 0.844904217965243
        },
        "7": {
            "loss": 0.37120058288035745,
            "acc": 0.8659829325747811
        },
        "8": {
            "loss": 0.3448020765896548,
            "acc": 0.875705586914974
        },
        "9": {
            "loss": 0.31434850951402704,
            "acc": 0.8865838481710299
        },
        "10": {
            "loss": 0.2896159042456103,
            "acc": 0.8952175652251211
        },
        "11": {
            "loss": 0.27145593133966694,
            "acc": 0.9027067869683097
        },
        "12": {
            "loss": 0.25425963406451046,
            "acc": 0.9088737277212321
        },
        "13": {
            "loss": 0.23769370282322846,
            "acc": 0.9146962087203876
        },
        "14": {
            "loss": 0.2304110762726685,
            "acc": 0.9180074669985333
        },
        "15": {
            "loss": 0.21390817895404657,
            "acc": 0.922729899106627
        },
        "16": {
            "loss": 0.20359730619979513,
            "acc": 0.926763411707187
        },
        "17": {
            "loss": 0.19522569462953304,
            "acc": 0.9293968620827592
        },
        "18": {
            "loss": 0.1852711960514584,
            "acc": 0.9333748166585182
        },
        "19": {
            "loss": 0.1820308725000359,
            "acc": 0.9340526245610916
        },
        "20": {
            "loss": 0.17165632598334923,
            "acc": 0.9382861460509356
        },
        "21": {
            "loss": 0.1699360370667736,
            "acc": 0.9393750833370372
        },
        "22": {
            "loss": 0.1617988883888095,
            "acc": 0.9415862927241211
        },
        "23": {
            "loss": 0.15164346200287004,
            "acc": 0.9450864482865905
        },
        "24": {
            "loss": 0.14769058182454584,
            "acc": 0.9462531668074137
        },
        "25": {
            "loss": 0.13957748184806074,
            "acc": 0.9490199564425086
        },
        "26": {
            "loss": 0.1376872720853002,
            "acc": 0.9501755633583715
        },
        "27": {
            "loss": 0.1356324898396534,
            "acc": 0.9518200808924842
        },
        "28": {
            "loss": 0.1289681124855468,
            "acc": 0.9534868216365172
        },
        "29": {
            "loss": 0.1234834646668539,
            "acc": 0.9551757855904707
        },
        "30": {
            "loss": 0.12185510194235989,
            "acc": 0.9559535979376861
        },
        "31": {
            "loss": 0.11931134840547615,
            "acc": 0.9570758700386683
        },
        "32": {
            "loss": 0.11349484924523329,
            "acc": 0.9595426463398373
        },
        "33": {
            "loss": 0.11117623786875894,
            "acc": 0.9595426463398373
        },
        "34": {
            "loss": 0.10948353950780901,
            "acc": 0.9600315569580871
        },
        "35": {
            "loss": 0.10759372198530896,
            "acc": 0.9609760433797058
        },
        "36": {
            "loss": 0.10193977878291414,
            "acc": 0.9630094670874261
        },
        "37": {
            "loss": 0.10211664346438325,
            "acc": 0.9633650384461532
        },
        "38": {
            "loss": 0.09575172300736251,
            "acc": 0.9650317791901862
        },
        "39": {
            "loss": 0.09401393830194138,
            "acc": 0.9657651451175607
        },
        "40": {
            "loss": 0.0923994941113051,
            "acc": 0.9664985110449353
        },
        "41": {
            "loss": 0.08993493343851613,
            "acc": 0.9664096182052536
        },
        "42": {
            "loss": 0.08675717801088467,
            "acc": 0.9681319169740877
        },
        "43": {
            "loss": 0.08501627884966596,
            "acc": 0.9694430863593938
        },
        "44": {
            "loss": 0.07995769606019497,
            "acc": 0.971320947597671
        },
        "45": {
            "loss": 0.083713830852172,
            "acc": 0.9693208587048313
        },
        "46": {
            "loss": 0.08346096844020807,
            "acc": 0.970109782657007
        },
        "47": {
            "loss": 0.08393632807366719,
            "acc": 0.9695097559891551
        },
        "48": {
            "loss": 0.07704550395084714,
            "acc": 0.9721432063647273
        },
        "49": {
            "loss": 0.07759330385835544,
            "acc": 0.9720098671052047
        },
        "50": {
            "loss": 0.0404464295755712,
            "acc": 0.9867105204675763
        },
        "51": {
            "loss": 0.0328339080971835,
            "acc": 0.9894773101026713
        },
        "52": {
            "loss": 0.03117006903366101,
            "acc": 0.9895884261522734
        },
        "53": {
            "loss": 0.030305478362027894,
            "acc": 0.9899217743010801
        },
        "54": {
            "loss": 0.029307552804477218,
            "acc": 0.9903884617094093
        },
        "55": {
            "loss": 0.028040558456268627,
            "acc": 0.9908995955375794
        },
        "56": {
            "loss": 0.027085507817384332,
            "acc": 0.9908662607226988
        },
        "57": {
            "loss": 0.026779853162720843,
            "acc": 0.9908995955375794
        },
        "58": {
            "loss": 0.026579140864917215,
            "acc": 0.9907773678830171
        },
        "59": {
            "loss": 0.02644392830784041,
            "acc": 0.990977376772301
        },
        "60": {
            "loss": 0.02454249110153548,
            "acc": 0.9913773945508689
        },
        "61": {
            "loss": 0.024866481854174213,
            "acc": 0.991832970354238
        },
        "62": {
            "loss": 0.02449773675371861,
            "acc": 0.9915774034401529
        },
        "63": {
            "loss": 0.023980890240719335,
            "acc": 0.99193297479888
        },
        "64": {
            "loss": 0.024347281780633653,
            "acc": 0.9918551935641584
        },
        "65": {
            "loss": 0.022764543899525466,
            "acc": 0.992188541712965
        },
        "66": {
            "loss": 0.023087883948826195,
            "acc": 0.9923218809724876
        },
        "67": {
            "loss": 0.02273161587056,
            "acc": 0.9922996577625672
        },
        "68": {
            "loss": 0.02213520705949825,
            "acc": 0.9925552246766522
        },
        "69": {
            "loss": 0.022202819740026702,
            "acc": 0.9924663318369705
        },
        "70": {
            "loss": 0.021307769454572488,
            "acc": 0.9930219120849816
        },
        "71": {
            "loss": 0.0216690529734313,
            "acc": 0.9927330103560158
        },
        "72": {
            "loss": 0.020606337808699624,
            "acc": 0.9929107960353794
        },
        "73": {
            "loss": 0.02094804886978223,
            "acc": 0.9927996799857771
        },
        "74": {
            "loss": 0.020541562556982997,
            "acc": 0.9931774745544246
        },
        "75": {
            "loss": 0.018727940553700053,