{
    "train": {
        "0": {
            "loss": 0.9536114007806473,
            "acc": 0.6753833333333333
        },
        "1": {
            "loss": 0.1525893173913267,
            "acc": 0.9538166666666666
        },
        "2": {
            "loss": 0.0953395323081216,
            "acc": 0.97075
        },
        "3": {
            "loss": 0.07741430282656318,
            "acc": 0.9755833333333334
        },
        "4": {
            "loss": 0.06752621986940979,
            "acc": 0.9789
        },
        "5": {
            "loss": 0.05824406967778355,
            "acc": 0.98205
        },
        "6": {
            "loss": 0.053144517404311246,
            "acc": 0.9828833333333333
        },
        "7": {
            "loss": 0.047562685721158696,
            "acc": 0.9854
        },
        "8": {
            "loss": 0.045790190594012674,
            "acc": 0.9856
        },
        "9": {
            "loss": 0.04316615852277114,
            "acc": 0.98625
        },
        "10": {
            "loss": 0.04098321134542256,
            "acc": 0.9871333333333333
        },
        "11": {
            "loss": 0.037719790382918394,
            "acc": 0.98845
        },
        "12": {
            "loss": 0.0354897415415366,
            "acc": 0.9889833333333333
        },
        "13": {
            "loss": 0.03493471107116021,
            "acc": 0.9888333333333333
        },
        "14": {
            "loss": 0.03320676961671442,
            "acc": 0.98975
        },
        "15": {
            "loss": 0.032228055065060886,
            "acc": 0.9897666666666667
        },
        "16": {
            "loss": 0.03172469335143516,
            "acc": 0.9897666666666667
        },
        "17": {
            "loss": 0.028748899604926614,
            "acc": 0.9906333333333334
        },
        "18": {
            "loss": 0.028495019726725274,
            "acc": 0.9906833333333334
        },
        "19": {
            "loss": 0.027810753753551763,
            "acc": 0.99125
        },
        "20": {
            "loss": 0.02673222321961353,
            "acc": 0.99095
        },
        "21": {
            "loss": 0.026157328528652428,
            "acc": 0.9914
        },
        "22": {
            "loss": 0.025003010260516097,
            "acc": 0.9919166666666667
        },
        "23": {
            "loss": 0.023742122768259634,
            "acc": 0.9921166666666666
        },
        "24": {
            "loss": 0.023944178782800623,
            "acc": 0.9920166666666667
        },
        "25": {
            "loss": 0.02237501746537025,
            "acc": 0.9923666666666666
        },
        "26": {
            "loss": 0.022536051714780934,
            "acc": 0.9922666666666666
        },
        "27": {
            "loss": 0.02174905036736939,
            "acc": 0.9929666666666667
        },
        "28": {
            "loss": 0.021303612584206485,
            "acc": 0.9929833333333333
        },
        "29": {
            "loss": 0.02018757488505085,
            "acc": 0.9933666666666666
        },
        "30": {
            "loss": 0.020200930377925193,
            "acc": 0.9937833333333334
        },
        "31": {
            "loss": 0.019486211405109876,
            "acc": 0.9939166666666667
        },
        "32": {
            "loss": 0.019673923723030288,
            "acc": 0.9934166666666666
        },
        "33": {
            "loss": 0.018834132497617874,
            "acc": 0.9936666666666667
        },
        "34": {
            "loss": 0.018309763662252964,
            "acc": 0.99395
        },
        "35": {
            "loss": 0.017503773533132996,
            "acc": 0.9942166666666666
        },
        "36": {
            "loss": 0.017042754918087655,
            "acc": 0.99415
        },
        "37": {
            "loss": 0.01710462449977337,
            "acc": 0.9943333333333333
        },
        "38": {
            "loss": 0.01729937422622704,
            "acc": 0.99445
        },
        "39": {
            "loss": 0.01677447050536942,
            "acc": 0.9945166666666667
        },
        "40": {
            "loss": 0.015997511987769376,
            "acc": 0.9947
        },
        "41": {
            "loss": 0.01714792225490893,
            "acc": 0.9942
        },
        "42": {
            "loss": 0.014999746111842658,
            "acc": 0.99485
        },
        "43": {
            "loss": 0.014672594605016707,
            "acc": 0.9951
        },
        "44": {
            "loss": 0.014905686708175138,
            "acc": 0.9952333333333333
        },
        "45": {
            "loss": 0.013879106880798846,
            "acc": 0.99535
        },
        "46": {
            "loss": 0.014919729018465989,
            "acc": 0.9947833333333334
        },
        "47": {
            "loss": 0.014116634441802634,
            "acc": 0.9953666666666666
        },
        "48": {
            "loss": 0.01343305223931207,
            "acc": 0.9955
        },
        "49": {
            "loss": 0.013745381480820953,
            "acc": 0.9954833333333334
        },
        "50": {
            "loss": 0.009600855138134903,
            "acc": 0.9971833333333333
        },
        "51": {
            "loss": 0.007352975702699103,
            "acc": 0.9976
        },
        "52": {
            "loss": 0.007574413656450705,
            "acc": 0.9975
        },
        "53": {
            "loss": 0.0073686458290738764,
            "acc": 0.9975833333333334
        },
        "54": {
            "loss": 0.00742900184111055,
            "acc": 0.99785
        },
        "55": {
            "loss": 0.0071275327830632,
            "acc": 0.99785
        },
        "56": {
            "loss": 0.006477013989815861,
            "acc": 0.9980166666666667
        },
        "57": {
            "loss": 0.006527889820493645,
            "acc": 0.99795
        },
        "58": {
            "loss": 0.006441041952405715,
            "acc": 0.9980166666666667
        },
        "59": {
            "loss": 0.00631415619417332,
            "acc": 0.99795
        },
        "60": {
            "loss": 0.006439496118849059,
            "acc": 0.9979833333333333
        },
        "61": {
            "loss": 0.005755398524599014,
            "acc": 0.9982166666666666
        },
        "62": {
            "loss": 0.006169515289898368,
            "acc": 0.99805
        },
        "63": {
            "loss": 0.005999363860648958,
            "acc": 0.9980833333333333
        },
        "64": {
            "loss": 0.006156693543301899,
            "acc": 0.998
        },
        "65": {
            "loss": 0.00609567019714118,
            "acc": 0.9979166666666667
        },
        "66": {
            "loss": 0.005831215338177867,
            "acc": 0.9981333333333333
        },
        "67": {
            "loss": 0.005562564925531294,
            "acc": 0.9983
        },
        "68": {
            "loss": 0.005643865991215497,
            "acc": 0.9982833333333333
        },
        "69": {
            "loss": 0.005377142308785931,
            "acc": 0.9983333333333333
        },
        "70": {
            "loss": 0.005222533190851009,
            "acc": 0.9983333333333333
        },
        "71": {
            "loss": 0.005359199035901334,
            "acc": 0.9985333333333334
        },
        "72": {
            "loss": 0.005484043447447428,
            "acc": 0.9983
        },
        "73": {
            "loss": 0.005411385319408599,
            "acc": 0.9984666666666666
        },
        "74": {
            "loss": 0.005299302095011535,
            "acc": 0.9983833333333333
        },
        "75": {
            "loss": 0.0048937175019641965,
            "acc": 0.9985166666666667
        },
        "76": {
            "loss": 0.0050813384561037185,
            "acc": 0.9983833333333333
        },
        "77": {
            "loss": 0.004767606173637822,
            "acc": 0.99845
        },