{
    "train": {
        "0": {
            "loss": 0.6135962524929562,
            "acc": 0.7421410365335599
        },
        "1": {
            "loss": 0.571627597551088,
            "acc": 0.7421410365335599
        },
        "2": {
            "loss": 0.57046831217972,
            "acc": 0.7421410365335599
        },
        "3": {
            "loss": 0.5705085976703747,
            "acc": 0.7421410365335599
        },
        "4": {
            "loss": 0.5699591064775312,
            "acc": 0.7421410365335599
        },
        "5": {
            "loss": 0.5693408049441673,
            "acc": 0.7421410365335599
        },
        "6": {
            "loss": 0.5684974692963265,
            "acc": 0.7421410365335599
        },
        "7": {
            "loss": 0.5664324373812288,
            "acc": 0.7421410365335599
        },
        "8": {
            "loss": 0.5640185499513471,
            "acc": 0.7421410365335599
        },
        "9": {
            "loss": 0.5573559459802266,
            "acc": 0.7421410365335599
        },
        "10": {
            "loss": 0.5444546978215914,
            "acc": 0.7421410365335599
        },
        "11": {
            "loss": 0.5041419469021462,
            "acc": 0.7421410365335599
        },
        "12": {
            "loss": 0.406860039040849,
            "acc": 0.8084112149532711
        },
        "13": {
            "loss": 0.31143109379587947,
            "acc": 0.868946474086661
        },
        "14": {
            "loss": 0.2710885425677171,
            "acc": 0.8906117247238743
        },
        "15": {
            "loss": 0.23047271129247304,
            "acc": 0.9042056074766355
        },
        "16": {
            "loss": 0.2238884378929396,
            "acc": 0.909303313508921
        },
        "17": {
            "loss": 0.20616280368051013,
            "acc": 0.9165250637213254
        },
        "18": {
            "loss": 0.20596910751349218,
            "acc": 0.9184367034834324
        },
        "19": {
            "loss": 0.20803293867691144,
            "acc": 0.9129141886151232
        },
        "20": {
            "loss": 0.19092232754101623,
            "acc": 0.923322005097706
        },
        "21": {
            "loss": 0.1891858543495874,
            "acc": 0.9265080713678845
        },
        "22": {
            "loss": 0.1769128026994499,
            "acc": 0.9286321155480034
        },
        "23": {
            "loss": 0.18203338275890094,
            "acc": 0.9262956669498725
        },
        "24": {
            "loss": 0.1853232073622781,
            "acc": 0.9237468139337298
        },
        "25": {
            "loss": 0.1735036131497976,
            "acc": 0.9290569243840272
        },
        "26": {
            "loss": 0.174960196018219,
            "acc": 0.9282073067119796
        },
        "27": {
            "loss": 0.17181225000201045,
            "acc": 0.9326677994902294
        },
        "28": {
            "loss": 0.17240539072333155,
            "acc": 0.9311809685641461
        },
        "29": {
            "loss": 0.16293873335864092,
            "acc": 0.9392523364485982
        },
        "30": {
            "loss": 0.16550906143478444,
            "acc": 0.9347918436703483
        },
        "31": {
            "loss": 0.15296209140403852,
            "acc": 0.9413763806287171
        },
        "32": {
            "loss": 0.14947263191680651,
            "acc": 0.9392523364485982
        },
        "33": {
            "loss": 0.15342470922985593,
            "acc": 0.9409515717926933
        },
        "34": {
            "loss": 0.14930823163406268,
            "acc": 0.937553101104503
        },
        "35": {
            "loss": 0.15764629438116745,
            "acc": 0.9392523364485982
        },
        "36": {
            "loss": 0.14721072525591464,
            "acc": 0.945624468988955
        },
        "37": {
            "loss": 0.1481117364522573,
            "acc": 0.9426508071367884
        },
        "38": {
            "loss": 0.15933063022188237,
            "acc": 0.9377655055225149
        },
        "39": {
            "loss": 0.145198381631761,
            "acc": 0.943712829226848
        },
        "40": {
            "loss": 0.13661542091820691,
            "acc": 0.9424384027187765
        },
        "41": {
            "loss": 0.1370463658224892,
            "acc": 0.9458368734069669
        },
        "42": {
            "loss": 0.14210054882474848,
            "acc": 0.943712829226848
        },
        "43": {
            "loss": 0.13801008714614688,
            "acc": 0.9466864910790145
        },
        "44": {
            "loss": 0.14403570040657715,
            "acc": 0.9449872557349193
        },
        "45": {
            "loss": 0.13294569886214025,
            "acc": 0.9485981308411215
        },
        "46": {
            "loss": 0.1415190632278855,
            "acc": 0.9432880203908242
        },
        "47": {
            "loss": 0.14237664156668894,
            "acc": 0.9418011894647409
        },
        "48": {
            "loss": 0.14024199313811353,
            "acc": 0.9462616822429907
        },
        "49": {
            "loss": 0.12944448860110463,
            "acc": 0.9492353440951572
        },
        "50": {
            "loss": 0.12647656854745504,
            "acc": 0.9513593882752761
        },
        "51": {
            "loss": 0.12300862301443075,
            "acc": 0.9551826677994902
        },
        "52": {
            "loss": 0.12160139843016057,
            "acc": 0.9515717926932881
        },
        "53": {
            "loss": 0.1236169178139519,
            "acc": 0.9526338147833475
        },
        "54": {
            "loss": 0.12548802621863983,
            "acc": 0.9519966015293118
        },
        "55": {
            "loss": 0.12295291411715585,
            "acc": 0.9539082412914188
        },
        "56": {
            "loss": 0.12003683117595879,
            "acc": 0.9505097706032285
        },
        "57": {
            "loss": 0.12015681341290474,
            "acc": 0.953695836873407
        },
        "58": {
            "loss": 0.12407268211245537,
            "acc": 0.9477485131690739
        },
        "59": {
            "loss": 0.11899969696595862,
            "acc": 0.9545454545454546
        },
        "60": {
            "loss": 0.11745027895714785,
            "acc": 0.953695836873407
        },
        "61": {
            "loss": 0.11590542040161185,
            "acc": 0.953483432455395
        },
        "62": {
            "loss": 0.1146123590501579,
            "acc": 0.9562446898895497
        },
        "63": {
            "loss": 0.11903591645327774,
            "acc": 0.9532710280373832
        },
        "64": {
            "loss": 0.1160949594467073,
            "acc": 0.953695836873407
        },
        "65": {
            "loss": 0.11858430061791395,
            "acc": 0.9564570943075617
        },
        "66": {
            "loss": 0.12177944424990061,
            "acc": 0.9528462192013594
        },
        "67": {
            "loss": 0.12326141799221167,
            "acc": 0.949447748513169
        },
        "68": {
            "loss": 0.11625885611047616,
            "acc": 0.9560322854715378
        },
        "69": {
            "loss": 0.11679874370629723,
            "acc": 0.9517841971112999
        },
        "70": {
            "loss": 0.11489991320146097,
            "acc": 0.9541206457094308
        },
        "71": {
            "loss": 0.12295171688940074,
            "acc": 0.9526338147833475
        },
        "72": {
            "loss": 0.11438323245257945,
            "acc": 0.957731520815633
        },
        "73": {
            "loss": 0.11702781492793882,
            "acc": 0.9566694987255735
        },
        "74": {
            "loss": 0.11381243380743104,
            "acc": 0.9587935429056924
        },
        "75": {
            "loss": 0.11407972509796555,